article;name;width_mm;length_mm;unit;price;image_path;comment
15030430;Скатерть;2000;2000;мм;0;15030430.jpg;
15030780;Салфетка;400;400;мм;0;15030780.jpg;
4,02163E+12;Полотенце махровое;700;1400;мм;0;4021626271366.jpg;
4,02163E+12;Полотенце махровое;500;1000;мм;0;4021626271359.jpg;
4,02163E+12;Полотенце махровое RIO;700;1400;мм;0;4021626271304.jpg;
4,02163E+12;Полотенце махровое RIO;500;1000;мм;0;4021626271298.jpg;
4,02163E+12;Полотенце махровое RIO (красный);700;1400;мм;0;4021626271267.jpg;
4,02163E+12;Полотенце махровое RIO (красный);500;1000;мм;0;4021626271666.jpg;
4,02163E+12;"Полотенце махровое ""Любимый дом""";450;800;мм;0;4021626271666.jpg;
6,66163E+12;Полотенце палитра;500;900;мм;0;6661626271666.jpg;
6,69963E+12;Полотенце махровое;500;900;мм;0;6699626271666.jpg;
4,02161E+12;"Подушка стеганная ""Сова""";500;700;мм;0;4021612121666.jpg;
4,0219E+12;Одеяло комфорт Лайн;1400;2050;мм;0;4021898921666.jpg;
4,0219E+12;Одеяло Вин;1400;2050;мм;0;4021898999666.jpg;
4,0999E+12;Одеяло Стеганное;1400;2050;мм;0;4099898999666.jpg;
4,0999E+12;Покрывало;1500;2000;мм;0;4099898111666.jpg;
4,09956E+12;Одеяло FASHION FANTASY;1400;2050;мм;0;4099558111666.jpg;
4,09955E+12;Подушка FASHION FANTASY;700;700;мм;0;4099554441666.jpg;
4,09951E+12;"Одеяло ЗИМНЕЕ ""ВЕРБЛЮЖЬЯ ШЕРСТЬ""";1400;2050;мм;0;4099511441666.jpg;
4,02222E+12;Полотенце махровое Г/К;700;1400;мм;0;4022221441666.jpg;
4,02163E+12;Полотенце махровое BERLIN UNI ВАНИЛЬ;700;1400;мм;0;4021626123757.jpg;
4,02163E+12;Полотенце махровое BERLIN UNI ВАНИЛЬ;500;700;мм;0;4021626123740.jpg;
4,02163E+12;Полотенце махровое RIO UNI VOLLFARBIG ТЕРРАКОТ;700;1400;мм;0;4021626052033.jpg;
4,02993E+12;Полотенце махровое RIO UNI VOLLFARBIG ТЕРРАКОТ;500;700;мм;0;4029926052033.jpg;
4,02163E+12;Полотенце махровое RIO UNI VOLLFARBIG КРАСНЫЙ;700;1400;мм;0;4021626270932.jpg;
4,02163E+12;Полотенце махровое RIO UNI VOLLFARBIG КРАСНЫЙ;500;700;мм;0;4021626270925.jpg;
4,02163E+12;Полотенце махровое RIO UNI VOLLFARBIG ТЕМНО-СИНИЙ;700;1400;мм;0;4021626270970.jpg;
4,02163E+12;Полотенце махровое RIO UNI VOLLFARBIG ТЕМНО-СИНИЙ;500;700;мм;0;4021629970970.jpg;
4,02163E+12;Полотенце махровоеRIO UNI VOLLFARBIG СИНИЙ;700;1400;мм;0;4021626270956.jpg;
4,02163E+12;Полотенце махровоеRIO UNI VOLLFARBIG СИНИЙ;500;700;мм;0;4021626270949.jpg;
4,02163E+12;Полотенце махровое RIO UNI VOLLFARBIG ЖЕЛТЫЙ;700;1400;мм;0;4021626270918.jpg;
4,02193E+12;Полотенце махровое RIO UNI VOLLFARBIG ЖЕЛТЫЙ;500;700;мм;0;4021926270918.jpg;
4,02163E+12;Полотенце махровое RIO UNI VOLLFARBIG СВЕТЛО-ЗЕЛЕНЫЙ;700;1400;мм;0;4021626271014.jpg;
4,02163E+12;Полотенце махровое RIO UNI VOLLFARBIG СВЕТЛО-ЗЕЛЕНЫЙ;500;700;мм;0;4021626271007.jpg;
4,02163E+12;Полотенце махровое RIO UNI VOLLFARBIG СЕРО-КОРИЧНЕВЫЙ;700;1400;мм;0;4021626271038.jpg;
4,09963E+12;Полотенце махровое RIO UNI VOLLFARBIG СЕРО-КОРИЧНЕВЫЙ;500;700;мм;0;4099626271038.jpg;
4,02163E+12;Полотенце махровое RIO UNI VOLLFARBIG ПЕСОЧНЫЙ;700;1400;мм;0;4021626270994.jpg;
4,02163E+12;Полотенце махровое RIO UNI VOLLFARBIG ПЕСОЧНЫЙ;500;700;мм;0;4021626444994.jpg;
4,02163E+12;Полотенце махровое RIO WEISSGRUNDIG БЕЛЫЙ (ПЕСОЧНЫЙ);700;1400;мм;0;4021626271328.jpg;
4,02145E+12;Полотенце махровое RIO WEISSGRUNDIG БЕЛЫЙ (ПЕСОЧНЫЙ);500;700;мм;0;4021446271328.jpg;
8,9E+12;Полотенце махровое SPANY INTERIO STRIPEL;700;1400;мм;0;8900000061327.jpg;
8,90001E+12;Полотенце махровоеSPANY INTERIO STRIPEL;500;900;мм;0;8900011161327.jpg;
4,02163E+12;Полотенце махровое BERLIN UNI ТЕМНО-СИНИЙ;700;1400;мм;0;4021626103384.jpg;
4,021E+12;Полотенце махровое BERLIN UNI АНТРАЦИТ;500;700;мм;0;4021000103384.jpg;
4,02163E+13;Полотенце махровое BERLIN UNI АНТРАЦИТ;700;1400;мм;0;40216265500697.jpg;
4,02163E+12;Полотенце махровое BERLIN UNI ШОКОЛАД;500;700;мм;0;4021626108969.jpg;
4,02162E+12;Полотенце махровое BERLIN UNI ШОКОЛАД;700;1400;мм;0;4021623308969.jpg;
4,02163E+12;Полотенце махровое  BERLIN UNI БЕЖЕВЫЙ;500;700;мм;0;4021626108891.jpg;
4,09993E+12;Полотенце махровое  BERLIN UNI БЕЖЕВЫЙ;700;1400;мм;0;4099926108891.jpg;
4,02163E+12;Полотенце махровое BERLIN UNI СЕРО-КОРИЧНЕВЫЙ;500;700;мм;0;4021626319136.jpg;
4,022E+12;Полотенце махровое BERLIN UNI СЕРО-КОРИЧНЕВЫЙ;700;1400;мм;0;4021999319136.jpg;
4,02163E+12;Полотенце махровое BERLIN UNI БИРЮЗА;500;700;мм;0;4021626319716.jpg;
4,02145E+12;Полотенце махровое BERLIN UNI БИРЮЗА;700;1400;мм;0;4021446319716.jpg;
4,02163E+12;Полотенце махровое BERLIN UNI ЗЕЛЕНЫЙ;500;700;мм;0;4021626319846.jpg;
4,02163E+12;Полотенце махровое BERLIN UNI ЗЕЛЕНЫЙ;700;1400;мм;0;4021626377746.jpg;
4,02163E+12;Полотенце махровоеBERLIN UNI КРАСНЫЙ;500;700;мм;0;4021626122859.jpg;
4,02162E+12;Полотенце махровоеBERLIN UNI КРАСНЫЙ;700;1400;мм;0;4021624444859.jpg;
4,02163E+12;Полотенце махровоеBERLIN UNI ЖЕЛТЫЙ;500;700;мм;0;4021626319198.jpg;
4,00102E+12;Полотенце махровоеBERLIN UNI ЖЕЛТЫЙ;700;1400;мм;0;4001016319198.jpg;
80292124;Плед Scotland;1400;2000;мм;0;80292124.jpg;
4,09992E+12;Плед в ассортименте;1000;1500;мм;0;4099916319198.jpg;
4,09945E+12;Плед Inspiration;1400;2000;мм;0;4099446319198.jpg;
4,09345E+12;Плед;2000;2000;мм;0;4093446319198.jpg;
1,11345E+12;Плед Scotland;1400;2000;мм;0;1113446319198.jpg;
1,19446E+11;Плед флисовый;1700;2000;мм;0;119446319198.jpg;
1,19445E+11;Плед Inspiration;1400;2000;мм;0;119445459198.jpg;
1,19445E+11;Плед Inspiration сиреневый;1400;2000;мм;0;119445499198.jpg;
1,12245E+11;Плед;1300;1700;мм;0;112245499198.jpg;
1,12245E+11;Плед;1400;2000;мм;0;112245499198.jpg;
1,13337E+11;Плед Check;1400;2000;мм;0;113336669198.jpg;
1,13337E+11;Плед Kelly;1200;1500;мм;0;113336644198.jpg;
1,13356E+12;Плед Kelly;1400;2000;мм;0;1133555644198.jpg;
1,13356E+12;Плед Scotland;1400;2000;мм;0;1133558844198.jpg;
1,13356E+12;Плед Звезды;1400;2000;мм;0;1133558554198.jpg;
1,13345E+12;Плед Клетка;1500;2000;мм;0;1133448554198.jpg;
1,13889E+12;Плед Inspiration коралловый;1400;2000;мм;0;1138888554198.jpg;
1,1389E+12;Плед Palermo;1400;2000;мм;0;1138899954198.jpg;
1,1389E+12;Плед;2200;2400;мм;0;1138896664198.jpg;
1,1389E+12;Покрывало Апачи;2000;2200;мм;0;1138896655198.jpg;
1,1389E+12;Плед Пале-Рояль;2000;2000;мм;0;1138896654198.jpg;
1,1389E+12;Плед Тропический лес;2000;2000;мм;0;1138896653198.jpg;
1,1389E+12;Плед;2000;2200;мм;0;1138896652198.jpg;
1,1389E+12;Плед;2000;2000;мм;0;1138896651198.jpg;
1,1389E+12;Плед Monet;2000;2200;мм;0;1138896650198.jpg;
1,13889E+12;Плед Monet;1400;1800;мм;0;1138890900198.jpg;
1,1389E+12;Плед Camellia;1400;2000;мм;0;1138895555198.jpg;
1,1389E+12;Плед Стелла;1500;2000;мм;0;1138896650199.jpg;
1,1389E+12;Плед Monet;1400;1800;мм;0;1138897745200.jpg;
1,1389E+12;Плед nspiration;1400;2000;мм;0;1138898840201.jpg;
1,1389E+12;Плед;1400;2050;мм;0;1138899935202.jpg;
1,1389E+12;Плед;1400;2200;мм;0;1138901030203.jpg;
1,1389E+12;Пододеяльник Страйп коричневый;1400;2000;мм;0;1138902125204.jpg;
1,1389E+12;Простыня на резинке 23rd Avenue голубой;2000;2200;мм;0;1138903220205.jpg;
1,1389E+12;Простыня White Home;1400;2000;мм;0;1138904315206.jpg;
1,13891E+12;Простыня на резинке 23rd Avenue бежевый;1600;2000;мм;0;1138905410207.jpg;
1,13891E+12;Простыня на резинке 23rd  Avenue зелёный;1400;2000;мм;0;1138906505208.jpg;
1,13891E+12;Простыня на резинке ;1400;2000;мм;0;1138907600209.jpg;
1,13891E+12;Простыня ;1400;2000;мм;0;1138908695210.jpg;
1,13891E+12;Простыня Страйп кремовый;1400;2000;мм;0;1138909790211.jpg;
1,13891E+12;Пододеяльник ;2000;2200;мм;0;1138910885212.jpg;
1,13891E+12;Пододеяльник Страйп розовый;2000;2200;мм;0;1138911980213.jpg;
1,13891E+12;Пододеяльник Страйп стальной;1400;2000;мм;0;1138913075214.jpg;
1,13891E+12;Простыня Страйп белый;1400;2000;мм;0;1138914170215.jpg;
1,13892E+12;Простыня Страйп коричневый;2000;2200;мм;0;1138915265216.jpg;
1,13892E+12;Подушка анатомическая Calidad;400;500;мм;0;1138916360217.jpg;
1,13892E+12;Подушка Line ;400;500;мм;0;1138917455218.jpg;
1,13892E+12;Подушка;680;680;мм;0;1138918550219.jpg;
1,13892E+12;Подушка стеганая Сидней ;500;700;мм;0;1138919645220.jpg;
1,13892E+12;Подушка;500;700;мм;0;1138920740221.jpg;
1,13892E+12;Подушка;600;600;мм;0;1138921835222.jpg;
1,13892E+12;Подушка анатомическая Simple;500;700;мм;0;1138922930223.jpg;
1,13892E+12;Подушка Лебяжий пух;600;600;мм;0;1138924025224.jpg;
1,13893E+12;Подушка эргономическая c эффектом памяти ;300;400;мм;0;1138925120225.jpg;
1,13893E+12;Подушка;700;700;мм;0;1138926215226.jpg;
1,13893E+12;Подушка Cool Night;680;680;мм;0;1138927310227.jpg;
1,13893E+12;Подушка  Бомбей ;500;700;мм;0;1138928405228.jpg;
1,13893E+12;Подушка Беннетта ;600;600;мм;0;1138929500229.jpg;
1,13893E+12;Подушка Подушка анатомическая ;600;600;мм;0;1138930595230.jpg;
1,13893E+12;Подушка стеганая Сидней ;600;600;мм;0;1138931690231.jpg;
1,13893E+12;Подушка Parro;500;700;мм;0;1138932785232.jpg;
1,13893E+12;Подушка Pluma;500;700;мм;0;1138933880233.jpg;
1,13893E+12;Подушка Ortho Bamboo Strong;500;700;мм;0;1138934975234.jpg;
1,13894E+12;Подушка КА10-3;500;700;мм;0;1138936070235.jpg;
1,13894E+12;Внутренняя подушка Бельвита;450;450;мм;0;1138937165236.jpg;
1,13894E+12;Подушка  Кораблик;500;700;мм;0;1138938260237.jpg;
1,13894E+12;Подушка Беннетта ;680;680;мм;0;1138939355238.jpg;
1,13894E+12;Подушка Pluma;300;400;мм;0;1138940450239.jpg;
1,13894E+12;Подушка Лебяжий пух;700;700;мм;0;1138941545240.jpg;
1,13894E+12;Подушка  SL Chalet;680;680;мм;0;1138942640241.jpg;
1,13894E+12;Подушка  Parro;500;700;мм;0;1138943735242.jpg;
1,13894E+12;Подушка  Line ;600;600;мм;0;1138944830243.jpg;
1,13895E+12;Подушка  Бамбук;600;600;мм;0;1138945925244.jpg;
1,13895E+12;Подушка Верблюжья шерсть;600;600;мм;0;1138947020245.jpg;
1,13895E+12;Подушка детская Эко-комфорт;500;700;мм;0;1138948115246.jpg;
1,13895E+12;Подушка Кашемир ;500;700;мм;0;1138949210247.jpg;
1,13895E+12;Подушка Soft Duo ;500;700;мм;0;1138950305248.jpg;
1,13895E+12;Подушка Для Женщин ;500;700;мм;0;1138951400249.jpg;
1,13895E+12;Подушка Кашемир ;450;450;мм;0;1138952495250.jpg;
1,13895E+12;Подушка Extralife Plus;500;700;мм;0;1138953590251.jpg;
1,13895E+12;Подушка Soft Duo ;680;680;мм;0;1138954685252.jpg;
1,13896E+12;Подушка Ultra ;300;400;мм;0;1138955780253.jpg;
1,13896E+12;Подушка Для Женщин;700;700;мм;0;1138956875254.jpg;
1,13896E+12;Подушка Для Мужчин ;680;680;мм;0;1138957970255.jpg;
1,13896E+12;Подушка Anatomico;500;700;мм;0;1138959065256.jpg;
1,13896E+12;Подушка Bio Bamboo ;600;600;мм;0;1138960160257.jpg;
1,13896E+12;Подушка Outlast 50х70 ;600;600;мм;0;1138961255258.jpg;
1,13896E+12;Подушка анатомическая Ordinario;600;600;мм;0;1138962350259.jpg;
1,13896E+12;Подушка анатомическая Spring Pillow;500;700;мм;0;1138963445260.jpg;
1,13896E+12;Подушка Plumazo;500;700;мм;0;1138964540261.jpg;
1,13897E+12;Подушка Bio Double;500;700;мм;0;1138965635262.jpg;
1,13897E+12;Подушка Camello;500;700;мм;0;1138966730263.jpg;
1,13897E+12;Подушка Ortho Bamboo Soft;450;450;мм;0;1138967825264.jpg;
1,13897E+12;Подушка Bio Bamboo ;500;700;мм;0;1138968920265.jpg;
1,13897E+12;Подушка Ergonomia;680;680;мм;0;1138970015266.jpg;
1,13897E+12;Подушка Classic;300;400;мм;0;1138971110267.jpg;
1,13897E+12;Подушка эргономичная Superior;700;700;мм;0;1138972205268.jpg;
1,13897E+12;Подушка анатомическая Sleep Professor Darsia S;680;680;мм;0;1138973300269.jpg;
1,13897E+12;Подушка Bio Down;500;700;мм;0;1138974395270.jpg;
1,13898E+12;Подушка анатомическая Sleep Professor Darsia L;600;600;мм;0;1138975490271.jpg;
1,13898E+12;Подушка Estrella;600;600;мм;0;1138976585272.jpg;
1,13898E+12;Подушка  Pure Hydrocotton ;600;600;мм;0;1138977680273.jpg;
1,13898E+12;Подушка анатомическая Sleep Professor Gloris S;500;700;мм;0;1138978775274.jpg;
1,13898E+12;Подушка Purе;500;700;мм;0;1138979870275.jpg;
1,13898E+12;Подушка Ergo Massage Soft;500;700;мм;0;1138980965276.jpg;
1,13898E+12;Подушка  Для Мужчин ;500;700;мм;0;1138982060277.jpg;
1,13898E+12;Подушка Ultra Cool ;450;450;мм;0;1138983155278.jpg;
1,13898E+12;Подушка White Opal ;500;700;мм;0;1138984250279.jpg;
1,13899E+12;Подушка эргономичная Resorte Superior;680;680;мм;0;1138985345280.jpg;
1,13899E+12;Подушка Classic;680;680;мм;0;1138986440281.jpg;
1,13899E+12;Покрывало стеганое;1700;2000;мм;0;1138987535282.jpg;
1,13899E+12;Покрывало ;1400;2000;мм;0;1138988630283.jpg;
1,13899E+12;Покрывало стеганое;1400;2000;мм;0;1138989725284.jpg;
1,13899E+12;Покрывало стеганое;1300;1700;мм;0;1138990820285.jpg;
1,13899E+12;Покрывало Эссе;1400;2000;мм;0;1138991915286.jpg;
1,13899E+12;Покрывало ;1400;2000;мм;0;1138993010287.jpg;
1,13899E+12;Покрывало 4412;1200;1500;мм;0;1138994105288.jpg;
1,139E+12;Покрывало Супер софт Amarillo;1400;2000;мм;0;1138995200289.jpg;
1,139E+12;Покрывало Супер софт Anaranjado;1400;2000;мм;0;1138996295290.jpg;
1,139E+12;Покрывало  Супер софт Rosado;1400;2000;мм;0;1138997390291.jpg;
1,139E+12;Покрывало Супер софт Verde;1500;2000;мм;0;1138998485292.jpg;
1,139E+12;Покрывало Супер софт Indio;1400;2000;мм;0;1138999580293.jpg;
1,139E+12;Покрывало Верный друг;1400;2000;мм;0;1139000675294.jpg;
1,139E+12;Покрывало Кокос в ассортименте;2200;2400;мм;0;1139001770295.jpg;
1,139E+12;Покрывало Зелёный чай;2000;2200;мм;0;1139002865296.jpg;
1,139E+12;Покрывало Чек тайм;2000;2000;мм;0;1139003960297.jpg;
1,13901E+12;Покрывало стеганое;1700;2000;мм;0;1139005055298.jpg;
1,13901E+12;Покрывало Кокос;1400;2000;мм;0;1139006150299.jpg;
1,13901E+12;Покрывало Кокос;1400;2000;мм;0;1139007245300.jpg;
1,13901E+12;Покрывало Энджел;1300;1700;мм;0;1139008340301.jpg;
1,13901E+12;Покрывало  Luer;1400;2000;мм;0;1139009435302.jpg;
1,13901E+12;Покрывало Премиум Молли;1400;2000;мм;0;1139010530303.jpg;
1,13901E+12;Покрывало Премиум;1200;1500;мм;0;1139011625304.jpg;
1,13901E+12;Покрывало Nadal;1400;2000;мм;0;1139012720305.jpg;
1,13901E+12;Покрывало Премиум Трио;1400;2000;мм;0;1139013815306.jpg;
1,13901E+12;Покрывало Roselinda;1400;2000;мм;0;1139014910307.jpg;
1,13902E+12;Покрывало Roselinda;1500;2000;мм;0;1139016005308.jpg;
1,13902E+12;Покрывало стеганое;1400;2000;мм;0;1139017100309.jpg;
1,13902E+12;Покрывало  Энджел аква;1400;2000;мм;0;1139018195310.jpg;
1,13902E+12;Покрывало  Tiero;2200;2400;мм;0;1139019290311.jpg;
ПЦ-516-02461;Коврик;500;700;мм;0;ПЦ-516-02461.jpg;
ПЦ-602-2462;Полотенце;500;1000;мм;0;ПЦ-602-2462.jpg;
ПЦ-602-2460;Полотенце;500;1000;мм;0;ПЦ-602-2460.jpg;
ПЦ-615-2464;Полотенце;500;1000;мм;0;ПЦ-615-2464.jpg;
ПЦ-103-02465;Коврик;500;700;мм;0;ПЦ-103-02465.jpg;
ПЦС-1202-2463;Полотенце;1000;1500;мм;0;ПЦС-1202-2463.jpg;
ПЦ-7660-2828;Полотенца;800;1500;мм;0;ПЦ-7660-2828.jpg;
ПЦ-7660-2829;Полотенца;800;1500;мм;0;ПЦ-7660-2829.jpg;
ПЦ-628-2822;Полотенце;500;1000;мм;0;ПЦ-628-2822.jpg;
ПЦ-628-2820;Полотенце;500;1000;мм;0;ПЦ-628-2820.jpg;
ПЦ-516-02824;Коврик;500;700;мм;0;ПЦ-516-02824.jpg;
ПЦ-615-2823;Полотенце;500;1000;мм;0;ПЦ-615-2823.jpg;
ПЦ-615-2821;Полотенце;500;1000;мм;0;ПЦ-615-2821.jpg;
ПЦ-515-02823;Коврик;500;700;мм;0;ПЦ-515-02823.jpg;
ПЦ-515-02821;Коврик;500;700;мм;0;ПЦ-515-02821.jpg;
ПЦ-1228-2824;Полотенце;1000;1500;мм;0;ПЦ-1228-2824.jpg;
ПЦ-728-2822;Полотенце;700;1400;мм;0;ПЦ-728-2822.jpg;
ПЦ-516-02558;Коврик;500;700;мм;0;ПЦ-516-02558.jpg;
ПЦС-602-2556;Полотенце;500;1000;мм;0;ПЦС-602-2556.jpg;
ПЦ-516-02620;Коврик;500;700;мм;0;ПЦ-516-02620.jpg;
ПЦС-602-2621;Полотенце;500;1000;мм;0;ПЦС-602-2621.jpg;
ПЦС-602-2620;Полотенце;500;1000;мм;0;ПЦС-602-2620.jpg;
ПЦ-615-2622;Полотенце;500;1000;мм;0;ПЦ-615-2622.jpg;
ПЦ-615-2621;Полотенце;500;1000;мм;0;ПЦ-615-2621.jpg;
ПЦ-103-02623;Коврик;500;700;мм;0;ПЦ-103-02623.jpg;
ПЦС-643-2519;Полотенце;500;1000;мм;0;ПЦС-643-2519.jpg;
ПЦ-661-1681-2;Полотенце;500;1000;мм;0;ПЦ-661-1681-2.jpg;
ПЦ-661-1681-3;Полотенце;500;1000;мм;0;ПЦ-661-1681-3.jpg;
ПЦ-661-1681-4;Полотенце;500;1000;мм;0;ПЦ-661-1681-4.jpg;
ПЦ-661-1681-6;Полотенце;500;1000;мм;0;ПЦ-661-1681-6.jpg;
ПЦ-661-1681-7;Полотенце;500;1000;мм;0;ПЦ-661-1681-7.jpg;
ПЦ-661-1681-1;Полотенце;500;1000;мм;0;ПЦ-661-1681-1.jpg;
ПЦ-634-1584;Полотенце;500;1000;мм;0;ПЦ-634-1584.jpg;
КЦ-634-734-1584;Комплекты полотенец;700;1400;мм;0;КЦ-634-734-1584.jpg;
ПЦ-634-1250;Полотенца;500;1000;мм;0;ПЦ-634-1250.jpg;
КЦ-634-734-1250;Комплекты полотенец;700;1400;мм;0;КЦ-634-734-1250.jpg;
ПЦ-502-2145;Полотенце;500;700;мм;0;ПЦ-502-2145.jpg;
ПЦ-2672-2161;Полотенце;500;900;мм;0;ПЦ-2672-2161.jpg;
ПЦ-2601-2527;Полотенце;500;900;мм;0;ПЦ-2601-2527.jpg;
ПЦС-2602-2605;Полотенце;500;900;мм;0;ПЦС-2602-2605.jpg;
ПЦС-2601-2525;Полотенце;500;900;мм;0;ПЦС-2601-2525.jpg;
ПЦ-2672-2124;Полотенце;500;900;мм;0;ПЦ-2672-2124.jpg;
ПЦ-3502-2202;Полотенце;700;1300;мм;0;ПЦ-3502-2202.jpg;
ПЦ-2602-2768;Полотенце;500;900;мм;0;ПЦ-2602-2768.jpg;
ПЦ-2602-1875;Полотенце;500;900;мм;0;ПЦ-2602-1875.jpg;
ПЦ-2602-2293;Полотенце;500;900;мм;0;ПЦ-2602-2293.jpg;
ПЦ-2602-2498;Полотенце;500;900;мм;0;ПЦ-2602-2498.jpg;
ПЦ-2602-1085;Полотенце;500;900;мм;0;ПЦ-2602-1085.jpg;
ПЦ-2601-2830;Полотенце;500;900;мм;0;ПЦ-2601-2830.jpg;
ПЦ-2602-2745;Полотенце;500;900;мм;0;ПЦ-2602-2745.jpg;
ПЦ-3502-2745;Полотенце;700;1300;мм;0;ПЦ-3502-2745.jpg;
ПЦ-2602-2487;Полотенце;500;900;мм;0;ПЦ-2602-2487.jpg;
ПЦС-2601-2533;Полотенце;500;900;мм;0;ПЦС-2601-2533.jpg;
ПЦ-2601-2529;Полотенце;500;900;мм;0;ПЦ-2601-2529.jpg;
ПЦ-2601-2033;Полотенце;500;900;мм;0;ПЦ-2601-2033.jpg;
ПЦ-2602-1564;Полотенце;500;900;мм;0;ПЦ-2602-1564.jpg;
ПЦ-2602-1563;Полотенце;500;900;мм;0;ПЦ-2602-1563.jpg;
ПЦ-2601-2526;Полотенце;500;900;мм;0;ПЦ-2601-2526.jpg;
ПЦ-2602-2113;Полотенце;500;900;мм;0;ПЦ-2602-2113.jpg;
ПЦ-103-01797;Коврик;500;700;мм;0;ПЦ-103-01797.jpg;
ПЦ-2602-2294;Полотенце;500;900;мм;0;ПЦ-2602-2294.jpg;
ПЦ-2602-1824;Полотенце;500;900;мм;0;ПЦ-2602-1824.jpg;
ПЦС-2601-2867;Полотенце;500;900;мм;0;ПЦС-2601-2867.jpg;
ПЦС-2601-2868;Полотенце;500;900;мм;0;ПЦС-2601-2868.jpg;
ПЦ-2601-2139;Полотенце;500;900;мм;0;ПЦ-2601-2139.jpg;
ПЦ-502-2712;Полотенце;500;700;мм;0;ПЦ-502-2712.jpg;
ПЦ-502-2713;Полотенце;500;700;мм;0;ПЦ-502-2713.jpg;
ПЦ-502-2734;Полотенце;500;700;мм;0;ПЦ-502-2734.jpg;
ПЦ-502-2743;Полотенце;500;700;мм;0;ПЦ-502-2743.jpg;
ПЦ-2602-2129;Полотенце;500;900;мм;0;ПЦ-2602-2129.jpg;
ПЦ-2602-2128;Полотенце;500;900;мм;0;ПЦ-2602-2128.jpg;
ПЦС-1202-2477;Полотенце;1000;1500;мм;0;ПЦС-1202-2477.jpg;
ПЦС-2601-2532;Полотенце;500;900;мм;0;ПЦС-2601-2532.jpg;
ПЦ-2672-2126;Полотенце;500;900;мм;0;ПЦ-2672-2126.jpg;
ПЦ-2602-2483;Полотенце;500;900;мм;0;ПЦ-2602-2483.jpg;
ПЦС-2601-2528;Полотенце;500;900;мм;0;ПЦС-2601-2528.jpg;
ПЦ-2602-1569;Полотенце;500;900;мм;0;ПЦ-2602-1569.jpg;
ПЦС-1202-2115;Полотенце;1000;1500;мм;0;ПЦС-1202-2115.jpg;
ПЦ-502-67;Полотенце;500;700;мм;0;ПЦ-502-67.jpg;
ПЦ-2602-1111;Полотенце;500;900;мм;0;ПЦ-2602-1111.jpg;
ПЦ-2601-2530;Полотенце;500;900;мм;0;ПЦ-2601-2530.jpg;
ПЦ-2602-2140;Полотенце;500;900;мм;0;ПЦ-2602-2140.jpg;
ПЦ-2602-2142;Полотенце;500;900;мм;0;ПЦ-2602-2142.jpg;
ПЦ-2601-1979;Полотенце;500;900;мм;0;ПЦ-2601-1979.jpg;
ПЦ-502-2748;Полотенце;500;700;мм;0;ПЦ-502-2748.jpg;
ПЦ-3502-2748;Полотенце;700;1300;мм;0;ПЦ-3502-2748.jpg;
ПЦ-2602-1995;Полотенце;500;900;мм;0;ПЦ-2602-1995.jpg;
ПЦ-2602-2497;Полотенце;500;900;мм;0;ПЦ-2602-2497.jpg;
ПЦ-2601-993;Полотенце;500;900;мм;0;ПЦ-2601-993.jpg;
ПЦ-2602-2318;Полотенце;500;900;мм;0;ПЦ-2602-2318.jpg;
ПЦ-3502-2318;Полотенце;700;1300;мм;0;ПЦ-3502-2318.jpg;
ПЦ-2602-2744;Полотенце;500;900;мм;0;ПЦ-2602-2744.jpg;
ПЦ-3502-2744;Полотенце;700;1300;мм;0;ПЦ-3502-2744.jpg;
ПЦ-2601-2038-1;Полотенце;500;900;мм;0;ПЦ-2601-2038-1.jpg;
ПЦ-2601-2535;Полотенце;500;900;мм;0;ПЦ-2601-2535.jpg;
ПЦ-2602-2746;Полотенце;500;900;мм;0;ПЦ-2602-2746.jpg;
ПЦ-516-02484;Полотенце;500;700;мм;0;ПЦ-516-02484.jpg;
ПЦ-2602-2480;Полотенце;500;900;мм;0;ПЦ-2602-2480.jpg;
ПЦ-502-2750;Полотенце;500;700;мм;0;ПЦ-502-2750.jpg;
ПЦ-1202-2750;Полотенце;1000;1500;мм;0;ПЦ-1202-2750.jpg;
ПЦ-2602-1939;Полотенце;500;900;мм;0;ПЦ-2602-1939.jpg;
ПЦ-502-2735;Полотенце;500;700;мм;0;ПЦ-502-2735.jpg;
ПЦ-502-2736;Полотенце;500;700;мм;0;ПЦ-502-2736.jpg;
ПЦ-502-2737;Полотенце;500;700;мм;0;ПЦ-502-2737.jpg;
ПЦ-502-2738;Полотенце;500;700;мм;0;ПЦ-502-2738.jpg;
ПЦ-2602-2141;Полотенце;500;900;мм;0;ПЦ-2602-2141.jpg;
ПЦ-2602-2485;Полотенце;500;900;мм;0;ПЦ-2602-2485.jpg;
ПЦ-2602-1998;Полотенце;500;900;мм;0;ПЦ-2602-1998.jpg;
ПЦ-2602-1999;Полотенце;500;900;мм;0;ПЦ-2602-1999.jpg;
ПЦ-2602-1993;Полотенце;500;900;мм;0;ПЦ-2602-1993.jpg;
ПЦ-2602-1565;Полотенце;500;900;мм;0;ПЦ-2602-1565.jpg;
ПЦС-4002-02478;Полотенце;1800;1000;мм;0;ПЦС-4002-02478.jpg;
КЦ-6401-2601-2214;Комплекты полотенец;1000;1400;мм;0;КЦ-6401-2601-2214.jpg;
ПЦ-2601-2534;Полотенце;500;900;мм;0;ПЦ-2601-2534.jpg;
ПЦ-2602-2479;Полотенце;500;900;мм;0;ПЦ-2602-2479.jpg;
ПЦ-502-2741;Полотенце;500;700;мм;0;ПЦ-502-2741.jpg;
ПЦ-502-2742;Полотенце;500;700;мм;0;ПЦ-502-2742.jpg;
ПЦ-502-2739;Полотенце;500;700;мм;0;ПЦ-502-2739.jpg;
ПЦ-502-2740;Полотенце;500;700;мм;0;ПЦ-502-2740.jpg;
ПЦ-2601-2537;Полотенце;500;900;мм;0;ПЦ-2601-2537.jpg;
ПЦ-2602-2752;Полотенце;500;900;мм;0;ПЦ-2602-2752.jpg;
ПЦ-1202-2752;Полотенце;1000;1500;мм;0;ПЦ-1202-2752.jpg;
ПЦ-1202-2751;Полотенце;1000;1500;мм;0;ПЦ-1202-2751.jpg;
ПЦ-502-2747;Полотенце;500;700;мм;0;ПЦ-502-2747.jpg;
ПЦ-502-2749;Полотенце;500;700;мм;0;ПЦ-502-2749.jpg;
ПЦ-3502-2749;Полотенце;700;1300;мм;0;ПЦ-3502-2749.jpg;
ПЦ-7659-175;Вафельные полотенца;800;1500;мм;0;ПЦ-7659-175.jpg;
ПЦ-2601-2024-3;Полотенце;500;900;мм;0;ПЦ-2601-2024-3.jpg;
ПЛ-2602-2585;Полотенце;500;900;мм;0;ПЛ-2602-2585.jpg;
ПЛ-2602-2603;Полотенце;500;900;мм;0;ПЛ-2602-2603.jpg;
ПЛ-2602-2575;Полотенце;500;900;мм;0;ПЛ-2602-2575.jpg;
ПЛ-2602-2577;Полотенце;500;900;мм;0;ПЛ-2602-2577.jpg;
ПЛ-2602-2581;Полотенце;500;900;мм;0;ПЛ-2602-2581.jpg;
ПЛ-2602-2582;Полотенце;500;900;мм;0;ПЛ-2602-2582.jpg;
ПЛ-2602-2579;Полотенце;500;900;мм;0;ПЛ-2602-2579.jpg;
ПЛ-2602-2583;Полотенце;500;900;мм;0;ПЛ-2602-2583.jpg;
ПЛ-2602-2588;Полотенце;500;900;мм;0;ПЛ-2602-2588.jpg;
ПЛ-2601-01934;Полотенце;500;900;мм;0;ПЛ-2601-01934.jpg;
ПЛ-2701-01933;Полотенце;300;700;мм;0;ПЛ-2701-01933.jpg;
ПЛ-2602-2604;Полотенце;500;900;мм;0;ПЛ-2602-2604.jpg;
ПЛ-2602-2576;Полотенце;500;900;мм;0;ПЛ-2602-2576.jpg;
ПЛ-2602-2578;Полотенце;500;900;мм;0;ПЛ-2602-2578.jpg;
ПЛ-2602-2275;Полотенце;500;900;мм;0;ПЛ-2602-2275.jpg;
ПЛ-2602-2602;Полотенце;500;900;мм;0;ПЛ-2602-2602.jpg;
ПЛ-2602-2587;Полотенце;500;900;мм;0;ПЛ-2602-2587.jpg;
ПЛ-2602-2584;Полотенце;500;900;мм;0;ПЛ-2602-2584.jpg;
ПЛ-2602-2580;Полотенце;500;900;мм;0;ПЛ-2602-2580.jpg;
ПЛ-2602-2586;Полотенце;500;900;мм;0;ПЛ-2602-2586.jpg;
801.903.55;Простыня;1000;1500;мм;0;801.903.55.jpg;
103.335.22;Банное полотенце;700;1400;мм;0;103.335.22.jpg;
703.335.24;Полотенце;300;500;мм;0;703.335.24.jpg;
203.335.26;Полотенце;500;1000;мм;0;203.335.26.jpg;
903.335.23;Простыня;1000;1500;мм;0;903.335.23.jpg;
801.904.21;Банное полотенце;700;1400;мм;0;801.904.21.jpg;
501.904.32;Полотенце;300;500;мм;0;501.904.32.jpg;
701.903.70;Полотенце;500;1000;мм;0;701.903.70.jpg;
501.904.27;Банное полотенце;700;1400;мм;0;501.904.27.jpg;
201.904.38;Полотенце;300;500;мм;0;201.904.38.jpg;
401.903.76;Полотенце;500;1000;мм;0;401.903.76.jpg;
201.903.63;Простыня;1000;1500;мм;0;201.903.63.jpg;
601.904.17;Банное полотенце;700;1400;мм;0;601.904.17.jpg;
301.904.28;Полотенце;300;500;мм;0;301.904.28.jpg;
001.903.64;Полотенце;500;1000;мм;0;001.903.64.jpg;
901.903.50;Простыня;1000;1500;мм;0;901.903.50.jpg;
302.988.29;Банное полотенце;700;1400;мм;0;302.988.29.jpg;
502.988.33;Полотенце;300;500;мм;0;502.988.33.jpg;
002.988.35;Полотенце;500;1000;мм;0;002.988.35.jpg;
902.988.31;Простыня;1000;1500;мм;0;902.988.31.jpg;
701.904.26;Банное полотенце;700;1400;мм;0;701.904.26.jpg;
401.904.37;Полотенце;300;500;мм;0;401.904.37.jpg;
601.903.75;Полотенце;500;1000;мм;0;601.903.75.jpg;
401.903.62;Простыня;1000;1500;мм;0;401.903.62.jpg;
102.988.30;Банное полотенце;700;1400;мм;0;102.988.30.jpg;
302.988.34;Полотенце;300;500;мм;0;302.988.34.jpg;
802.988.36;Полотенце;500;1000;мм;0;802.988.36.jpg;
702.988.32;Простыня;1000;1500;мм;0;702.988.32.jpg;
602.988.37;Банное полотенце;700;1400;мм;0;602.988.37.jpg;
002.988.40;Полотенце;300;500;мм;0;002.988.40.jpg;
202.988.39;Полотенце;500;1000;мм;0;202.988.39.jpg;
402.988.38;Простыня;1000;1500;мм;0;402.988.38.jpg;
102.957.99;Банное полотенце;700;1400;мм;0;102.957.99.jpg;
002.958.08;Полотенце;300;500;мм;0;002.958.08.jpg;
902.958.04;Полотенце;500;1000;мм;0;902.958.04.jpg;
302.958.02;Простыня;1000;1500;мм;0;302.958.02.jpg;
201.906.26;Банное полотенце;700;1400;мм;0;201.906.26.jpg;
201.906.50;Полотенце;300;500;мм;0;201.906.50.jpg;
201.906.74;Полотенце;500;1000;мм;0;201.906.74.jpg;
701.906.38;Простыня;1000;1500;мм;0;701.906.38.jpg;
801.906.14;Банное полотенце;700;1400;мм;0;801.906.14.jpg;
801.906.66;Полотенце;300;500;мм;0;801.906.66.jpg;
901.906.42;Полотенце;500;1000;мм;0;901.906.42.jpg;
401.906.30;Простыня;1000;1500;мм;0;401.906.30.jpg;
401.906.11;Банное полотенце;700;1400;мм;0;401.906.11.jpg;
301.906.40;Полотенце;300;500;мм;0;301.906.40.jpg;
301.906.64;Полотенце;500;1000;мм;0;301.906.64.jpg;
801.906.28;Простыня;1000;1500;мм;0;801.906.28.jpg;
803.645.67;Банное полотенце;700;1400;мм;0;803.645.67.jpg;
603.646.91;Полотенце;300;500;мм;0;603.646.91.jpg;
003.646.89;Полотенце;500;1000;мм;0;003.646.89.jpg;
503.645.78;Простыня;1000;1500;мм;0;503.645.78.jpg;
501.635.46;Банное полотенце;700;1400;мм;0;501.635.46.jpg;
501.635.70;Полотенце;300;500;мм;0;501.635.70.jpg;
801.635.83;Полотенце;500;1000;мм;0;801.635.83.jpg;
001.635.58;Простыня;1000;1500;мм;0;001.635.58.jpg;
101.635.48;Банное полотенце;700;1400;мм;0;101.635.48.jpg;
301.635.85;Полотенце;300;500;мм;0;301.635.85.jpg;
101.635.72;Полотенце;500;1000;мм;0;101.635.72.jpg;
601.635.60;Простыня;1000;1500;мм;0;601.635.60.jpg;
301.635.52;Банное полотенце;700;1400;мм;0;301.635.52.jpg;
501.635.89;Полотенце;300;500;мм;0;501.635.89.jpg;
201.635.76;Полотенце;500;1000;мм;0;201.635.76.jpg;
801.635.64;Простыня;1000;1500;мм;0;801.635.64.jpg;
902.958.42;Банное полотенце;700;1400;мм;0;902.958.42.jpg;
002.958.51;Полотенце;300;500;мм;0;002.958.51.jpg;
802.958.47;Полотенце;500;1000;мм;0;802.958.47.jpg;
202.958.45;Простыня;1000;1500;мм;0;202.958.45.jpg;
202.602.47;Коврик;600;900;мм;0;202.602.47.jpg;
502.213.01;Коврик;600;900;мм;0;502.213.01.jpg;
603.067.19;Коврик;600;900;мм;0;603.067.19.jpg;
103.319.19;Коврик;600;900;мм;0;103.319.19.jpg;
201.639.63;Коврик;600;900;мм;0;201.639.63.jpg;
102.093.39;Коврик;600;900;мм;0;102.093.39.jpg;
402.112.13;Коврик;600;900;мм;0;402.112.13.jpg;
702.034.00;Коврик;600;900;мм;0;702.034.00.jpg;
102.524.79;Коврик для туалета;600;550;мм;0;102.524.79.jpg;
302.524.78;Коврик для туалета;600;550;мм;0;302.524.78.jpg;
502.524.77;Коврик для туалета;600;550;мм;0;502.524.77.jpg;
702.524.81;Коврик для туалета;600;550;мм;0;702.524.81.jpg;
402.976.50;Коврик;400;600;мм;0;402.976.50.jpg;
203.130.62;Коврик;600;900;мм;0;203.130.62.jpg;
002.996.46;Коврик;400;600;мм;0;002.996.46.jpg;
502.996.44;Коврик;400;600;мм;0;502.996.44.jpg;
403.395.51;Коврик;500;800;мм;0;403.395.51.jpg;
403.359.06;Коврик;500;800;мм;0;403.359.06.jpg;
700.756.38;Коврик;440;670;мм;0;700.756.38.jpg;
903.132.28;Коврик;600;900;мм;0;903.132.28.jpg;
703.069.45;Коврик;550;550;мм;0;703.069.45.jpg;
503.116.17;Коврик;550;550;мм;0;503.116.17.jpg;
403.116.13;Коврик;550;550;мм;0;403.116.13.jpg;
903.116.15;Коврик;550;550;мм;0;903.116.15.jpg;
703.116.16;Коврик;550;550;мм;0;703.116.16.jpg;
702.446.60;Коврик;650;1000;мм;0;702.446.60.jpg;
102.446.63;Коврик;650;1000;мм;0;102.446.63.jpg;
902.446.59;Коврик;650;1000;мм;0;902.446.59.jpg;
НЦС-2202-2460;Простыня махровая;2000;1500;мм;0;НЦС-2202-2460.jpg;
НЦС-902-2824;Простыня махровая;2000;1500;мм;0;НЦС-902-2824.jpg;
НЦС-2202-2823;Простыня махровая;2000;1500;мм;0;НЦС-2202-2823.jpg;
НЦС-2202-2556;Простыня махровая;2000;1500;мм;0;НЦС-2202-2556.jpg;
НЦС-6601-2557;Простыня махровая;2000;2120;мм;0;НЦС-6601-2557.jpg;
НЦС-2201-2557;Простыня махровая;2000;1500;мм;0;НЦС-2201-2557.jpg;
НЦС-5502-2622;Простыня махровая;2000;2200;мм;0;НЦС-5502-2622.jpg;
НЦС-5502-2620;Простыня махровая;2000;2200;мм;0;НЦС-5502-2620.jpg;
НЦС-2202-2624;Простыня махровая;2000;1500;мм;0;НЦС-2202-2624.jpg;
НЦС-2202-2623;Простыня махровая;2000;1500;мм;0;НЦС-2202-2623.jpg;
НЦС-901-2490;Простыня махровая;1800;2120;мм;0;НЦС-901-2490.jpg;
НЦ-2201-116;Простыня махровая;2000;1500;мм;0;НЦ-2201-116.jpg;
НЦС-5502-2491;Простыня махровая;2000;2200;мм;0;НЦС-5502-2491.jpg;
НЦС-902-1282;Простыня махровая;1800;2120;мм;0;НЦС-902-1282.jpg;
НЦС-902-2489;Простыня махровая;1800;2120;мм;0;НЦС-902-2489.jpg;
НЦС-902-2266;Простыня махровая;1800;2120;мм;0;НЦС-902-2266.jpg;
НЦС-902-2267;Простыня махровая;1800;2120;мм;0;НЦС-902-2267.jpg;
НЛ-5501-01933;Простыня махровая;2000;2200;мм;0;НЛ-5501-01933.jpg;
НД-2201-02057;Простыня махровая;2000;1500;мм;0;НД-2201-02057.jpg;
703.412.70;Фартук;970;700;мм;0;703.412.70.jpg;
603.456.26;Полотенце кухонное;700;500;мм;0;603.456.26.jpg;
603.413.22;Полотенце кухонное;700;500;мм;0;603.413.22.jpg;
503.412.71;Фартук;800;870;мм;0;503.412.71.jpg;
803.724.16;Полотенце кухонное;700;500;мм;0;803.724.16.jpg;
003.724.15;Полотенце кухонное;700;500;мм;0;003.724.15.jpg;
203.352.24;Полотенце кухонное;700;500;мм;0;203.352.24.jpg;
303.724.14;Фартук;920;870;мм;0;303.724.14.jpg;
903.724.11;Полотенце кухонное;700;500;мм;0;903.724.11.jpg;
103.378.22;Полотенце кухонное;700;500;мм;0;103.378.22.jpg;
903.378.23;Полотенце кухонное;700;500;мм;0;903.378.23.jpg;
703.378.24;Полотенце кухонное;700;500;мм;0;703.378.24.jpg;
202.578.10;Полотенце кухонное;700;500;мм;0;202.578.10.jpg;
903.240.43;Фартук;920;870;мм;0;903.240.43.jpg;
203.240.46;Полотенце кухонное;700;500;мм;0;203.240.46.jpg;
203.240.51;Полотенце кухонное;210;210;мм;0;203.240.51.jpg;
403.723.24;Прихватка ;330;100;мм;0;403.723.24.jpg;
702.355.33;Полотенце кухонное;700;500;мм;0;702.355.33.jpg;
203.723.15;Прихватка ;210;210;мм;0;203.723.15.jpg;
203.723.20;Полотенце кухонное;650;500;мм;0;203.723.20.jpg;
502.895.17;Прихватка ;180;180;мм;0;502.895.17.jpg;
402.777.65;Полотенце кухонное;650;500;мм;0;402.777.65.jpg;
603.721.20;Полотенце кухонное;650;500;мм;0;603.721.20.jpg;
503.675.10;Полотенце кухонное;700;500;мм;0;503.675.10.jpg;
002.341.22;Полотенце кухонное;700;500;мм;0;002.341.22.jpg;
001.745.14;Полотенце кухонное;700;500;мм;0;001.745.14.jpg;
803.675.18;Прихватка ;330;100;мм;0;803.675.18.jpg;
703.675.14;Прихватка ;180;180;мм;0;703.675.14.jpg;
003.495.66;Наволочка;590;350;мм;0;003.495.66.jpg;
802.667.60;Наволочка;590;350;мм;0;802.667.60.jpg;
203.495.65;Наволочка;590;350;мм;0;203.495.65.jpg;
903.436.83;Наволочка;700;500;мм;0;903.436.83.jpg;
903.376.63;Наволочка;700;500;мм;0;903.376.63.jpg;
503.583.32;Наволочка;700;500;мм;0;503.583.32.jpg;
303.583.33;Наволочка;700;500;мм;0;303.583.33.jpg;
703.583.31;Наволочка;700;500;мм;0;703.583.31.jpg;
703.370.27;Наволочка;700;500;мм;0;703.370.27.jpg;
703.427.93;Наволочка;700;500;мм;0;703.427.93.jpg;
503.427.46;Наволочка;700;500;мм;0;503.427.46.jpg;
603.511.70;Простыня ;2400;2600;мм;0;603.511.70.jpg;
703.511.60;Простыня ;900;2000;мм;0;703.511.60.jpg;
803.511.69;Простыня ;2400;2600;мм;0;803.511.69.jpg;
903.511.64;Простыня ;900;2000;мм;0;903.511.64.jpg;
503.511.56;Простыня ;2400;2600;мм;0;503.511.56.jpg;
003.511.68;Простыня ;900;2000;мм;0;003.511.68.jpg;
902.964.98;Простыня ;2400;2600;мм;0;902.964.98.jpg;
402.896.31;Простыня ;2400;2600;мм;0;402.896.31.jpg;
301.499.81;Простыня;2600;1500;мм;0;301.499.81.jpg;
501.500.54;Простыня;2600;1500;мм;0;501.500.54.jpg;
701.500.10;Простыня;2600;1500;мм;0;701.500.10.jpg;
101.499.82;Простыня;2600;1500;мм;0;101.499.82.jpg;
201.458.51;Простыня;2600;1500;мм;0;201.458.51.jpg;
802.964.70;Простыня;2000;1400;мм;0;802.964.70.jpg;
702.896.20;Простыня;2000;1400;мм;0;702.896.20.jpg;
301.598.90;Простыня;2000;1400;мм;0;301.598.90.jpg;
601.499.51;Простыня;2000;1400;мм;0;601.499.51.jpg;
601.500.39;Простыня;2000;1400;мм;0;601.500.39.jpg;
801.458.34;Простыня;2000;1400;мм;0;801.458.34.jpg;
803.144.88;Простыня;2000;1400;мм;0;803.144.88.jpg;
103.145.14;Простыня;2600;1500;мм;0;103.145.14.jpg;
001.427.40;Простыня;2600;1500;мм;0;001.427.40.jpg;
202.964.87;Наволочка;700;500;мм;0;202.964.87.jpg;
902.896.38;Наволочка;700;500;мм;0;902.896.38.jpg;
202.127.51;Наволочка;700;500;мм;0;202.127.51.jpg;
302.127.55;Наволочка;700;500;мм;0;302.127.55.jpg;
602.127.54;Наволочка;700;500;мм;0;602.127.54.jpg;
002.127.52;Наволочка;700;500;мм;0;002.127.52.jpg;
102.127.56;Наволочка;700;500;мм;0;102.127.56.jpg;
603.399.46;Простыня;2200;1500;мм;0;603.399.46.jpg;
203.512.52;Простыня ;2400;1510;мм;0;203.512.52.jpg;
903.512.63;Простыня ;2400;1520;мм;0;903.512.63.jpg;
803.512.54;Простыня ;2400;1530;мм;0;803.512.54.jpg;
503.512.55;Простыня ;2400;1540;мм;0;503.512.55.jpg;
803.494.64;Простыня ;900;2000;мм;0;803.494.64.jpg;
303.495.22;Простыня ;900;2000;мм;0;303.495.22.jpg;
903.495.19;Простыня ;1800;2000;мм;0;903.495.19.jpg;
903.583.06;Простыня ;2400;2600;мм;0;903.583.06.jpg;
803.582.55;Простыня ;2400;2600;мм;0;803.582.55.jpg;
203.582.82;Простыня ;2400;2600;мм;0;203.582.82.jpg;
903.582.88;Простыня ;1600;2000;мм;0;903.582.88.jpg;
003.582.64;Простыня ;1600;2000;мм;0;003.582.64.jpg;
503.582.52;Простыня ;1600;2000;мм;0;503.582.52.jpg;
103.079.95;Наволочка;700;500;мм;0;103.079.95.jpg;
003.065.00;Простыня ;2160;2200;мм;0;003.065.00.jpg;
703.399.41;Наволочка;700;500;мм;0;703.399.41.jpg;
803.611.30;Наволочка;700;500;мм;0;803.611.30.jpg;
903.079.96;Наволочка;700;500;мм;0;903.079.96.jpg;
403.611.27;Простыня;2200;2400;мм;0;403.611.27.jpg;
4,02163E+12;Полотенце махровое;700;1400;мм;0;4021626271366.jpg;
4,02163E+12;Полотенце махровое;500;1000;мм;0;4021626271359.jpg;
4,02163E+12;Полотенце махровое RIO;700;1400;мм;0;4021626271304.jpg;
4,02163E+12;Полотенце махровое RIO;500;1000;мм;0;4021626271298.jpg;
4,02163E+12;Полотенце махровое RIO (красный);700;1400;мм;0;4021626271267.jpg;
4,02163E+12;Полотенце махровое RIO (красный);500;1000;мм;0;4021626271666.jpg;
4,02163E+12;"Полотенце махровое ""Любимый дом""";450;800;мм;0;4021626271666.jpg;
6,66163E+12;Полотенце палитра;500;900;мм;0;6661626271666.jpg;
6,69963E+12;Полотенце махровое;500;900;мм;0;6699626271666.jpg;
4,02161E+12;"Подушка стеганная ""Сова""";500;700;мм;0;4021612121666.jpg;
4,0219E+12;Одеяло комфорт Лайн;1400;2050;мм;0;4021898921666.jpg;
4,0219E+12;Одеяло Вин;1400;2050;мм;0;4021898999666.jpg;
4,0999E+12;Одеяло Стеганное;1400;2050;мм;0;4099898999666.jpg;
4,0999E+12;Покрывало;1500;2000;мм;0;4099898111666.jpg;
4,09956E+12;Одеяло FASHION FANTASY;1400;2050;мм;0;4099558111666.jpg;
4,09955E+12;Подушка FASHION FANTASY;700;700;мм;0;4099554441666.jpg;
4,09951E+12;"Одеяло ЗИМНЕЕ ""ВЕРБЛЮЖЬЯ ШЕРСТЬ""";1400;2050;мм;0;4099511441666.jpg;
4,02222E+12;Полотенце махровое Г/К;700;1400;мм;0;4022221441666.jpg;
4,02163E+12;Полотенце махровое BERLIN UNI ВАНИЛЬ;700;1400;мм;0;4021626123757.jpg;
4,02163E+12;Полотенце махровое BERLIN UNI ВАНИЛЬ;500;700;мм;0;4021626123740.jpg;
4,02163E+12;Полотенце махровое RIO UNI VOLLFARBIG ТЕРРАКОТ;700;1400;мм;0;4021626052033.jpg;
4,02993E+12;Полотенце махровое RIO UNI VOLLFARBIG ТЕРРАКОТ;500;700;мм;0;4029926052033.jpg;
4,02163E+12;Полотенце махровое RIO UNI VOLLFARBIG КРАСНЫЙ;700;1400;мм;0;4021626270932.jpg;
4,02163E+12;Полотенце махровое RIO UNI VOLLFARBIG КРАСНЫЙ;500;700;мм;0;4021626270925.jpg;
4,02163E+12;Полотенце махровое RIO UNI VOLLFARBIG ТЕМНО-СИНИЙ;700;1400;мм;0;4021626270970.jpg;
4,02163E+12;Полотенце махровое RIO UNI VOLLFARBIG ТЕМНО-СИНИЙ;500;700;мм;0;4021629970970.jpg;
4,02163E+12;Полотенце махровоеRIO UNI VOLLFARBIG СИНИЙ;700;1400;мм;0;4021626270956.jpg;
4,02163E+12;Полотенце махровоеRIO UNI VOLLFARBIG СИНИЙ;500;700;мм;0;4021626270949.jpg;
4,02163E+12;Полотенце махровое RIO UNI VOLLFARBIG ЖЕЛТЫЙ;700;1400;мм;0;4021626270918.jpg;
4,02193E+12;Полотенце махровое RIO UNI VOLLFARBIG ЖЕЛТЫЙ;500;700;мм;0;4021926270918.jpg;
4,02163E+12;Полотенце махровое RIO UNI VOLLFARBIG СВЕТЛО-ЗЕЛЕНЫЙ;700;1400;мм;0;4021626271014.jpg;
4,02163E+12;Полотенце махровое RIO UNI VOLLFARBIG СВЕТЛО-ЗЕЛЕНЫЙ;500;700;мм;0;4021626271007.jpg;
4,02163E+12;Полотенце махровое RIO UNI VOLLFARBIG СЕРО-КОРИЧНЕВЫЙ;700;1400;мм;0;4021626271038.jpg;
4,09963E+12;Полотенце махровое RIO UNI VOLLFARBIG СЕРО-КОРИЧНЕВЫЙ;500;700;мм;0;4099626271038.jpg;
4,02163E+12;Полотенце махровое RIO UNI VOLLFARBIG ПЕСОЧНЫЙ;700;1400;мм;0;4021626270994.jpg;
4,02163E+12;Полотенце махровое RIO UNI VOLLFARBIG ПЕСОЧНЫЙ;500;700;мм;0;4021626444994.jpg;
4,02163E+12;Полотенце махровое RIO WEISSGRUNDIG БЕЛЫЙ (ПЕСОЧНЫЙ);700;1400;мм;0;4021626271328.jpg;
4,02145E+12;Полотенце махровое RIO WEISSGRUNDIG БЕЛЫЙ (ПЕСОЧНЫЙ);500;700;мм;0;4021446271328.jpg;
8,9E+12;Полотенце махровое SPANY INTERIO STRIPEL;700;1400;мм;0;8900000061327.jpg;
8,90001E+12;Полотенце махровоеSPANY INTERIO STRIPEL;500;900;мм;0;8900011161327.jpg;
4,02163E+12;Полотенце махровое BERLIN UNI ТЕМНО-СИНИЙ;700;1400;мм;0;4021626103384.jpg;
4,021E+12;Полотенце махровое BERLIN UNI АНТРАЦИТ;500;700;мм;0;4021000103384.jpg;
4,02163E+13;Полотенце махровое BERLIN UNI АНТРАЦИТ;700;1400;мм;0;40216265500697.jpg;
4,02163E+12;Полотенце махровое BERLIN UNI ШОКОЛАД;500;700;мм;0;4021626108969.jpg;
4,02162E+12;Полотенце махровое BERLIN UNI ШОКОЛАД;700;1400;мм;0;4021623308969.jpg;
4,02163E+12;Полотенце махровое  BERLIN UNI БЕЖЕВЫЙ;500;700;мм;0;4021626108891.jpg;
4,09993E+12;Полотенце махровое  BERLIN UNI БЕЖЕВЫЙ;700;1400;мм;0;4099926108891.jpg;
4,02163E+12;Полотенце махровое BERLIN UNI СЕРО-КОРИЧНЕВЫЙ;500;700;мм;0;4021626319136.jpg;
4,022E+12;Полотенце махровое BERLIN UNI СЕРО-КОРИЧНЕВЫЙ;700;1400;мм;0;4021999319136.jpg;
4,02163E+12;Полотенце махровое BERLIN UNI БИРЮЗА;500;700;мм;0;4021626319716.jpg;
4,02145E+12;Полотенце махровое BERLIN UNI БИРЮЗА;700;1400;мм;0;4021446319716.jpg;
4,02163E+12;Полотенце махровое BERLIN UNI ЗЕЛЕНЫЙ;500;700;мм;0;4021626319846.jpg;
4,02163E+12;Полотенце махровое BERLIN UNI ЗЕЛЕНЫЙ;700;1400;мм;0;4021626377746.jpg;
4,02163E+12;Полотенце махровоеBERLIN UNI КРАСНЫЙ;500;700;мм;0;4021626122859.jpg;
4,02162E+12;Полотенце махровоеBERLIN UNI КРАСНЫЙ;700;1400;мм;0;4021624444859.jpg;
4,02163E+12;Полотенце махровоеBERLIN UNI ЖЕЛТЫЙ;500;700;мм;0;4021626319198.jpg;
4,00102E+12;Полотенце махровоеBERLIN UNI ЖЕЛТЫЙ;700;1400;мм;0;4001016319198.jpg;
80292124;Плед Scotland;1400;2000;мм;0;80292124.jpg;
4,09992E+12;Плед в ассортименте;1000;1500;мм;0;4099916319198.jpg;
4,09945E+12;Плед Inspiration;1400;2000;мм;0;4099446319198.jpg;
4,09345E+12;Плед;2000;2000;мм;0;4093446319198.jpg;
1,11345E+12;Плед Scotland;1400;2000;мм;0;1113446319198.jpg;
1,19446E+11;Плед флисовый;1700;2000;мм;0;119446319198.jpg;
1,19445E+11;Плед Inspiration;1400;2000;мм;0;119445459198.jpg;
1,19445E+11;Плед Inspiration сиреневый;1400;2000;мм;0;119445499198.jpg;
1,12245E+11;Плед;1300;1700;мм;0;112245499198.jpg;
1,12245E+11;Плед;1400;2000;мм;0;112245499198.jpg;
1,13337E+11;Плед Check;1400;2000;мм;0;113336669198.jpg;
1,13337E+11;Плед Kelly;1200;1500;мм;0;113336644198.jpg;
7,02823E+12;Подушка;700;1000;мм;0;7028231801145.jpg;
7,02823E+12;Подушка;500;1000;мм;0;7028231801084.jpg;
7,02823E+12;Одеяло;1720;1000;мм;0;7028231801107.jpg;
7,02823E+12;Одеяло;1500;1000;мм;0;7028231801039.jpg;
7,02823E+12;Подушка;700;1000;мм;0;7028231801138.jpg;
7,02823E+12;Подушка;500;1000;мм;0;7028231801053.jpg;
7,02823E+12;Одеяло;2000;1000;мм;0;7028231801015.jpg;
7,02823E+12;Одеяло;1720;1000;мм;0;7028231801091.jpg;
7,02823E+12;Одеяло;1500;1000;мм;0;7028231801008.jpg;
7,02823E+12;Подушка;700;1000;мм;0;7028231801121.jpg;
7,02823E+12;Подушка;500;1000;мм;0;7028231801022.jpg;
7,02824E+12;ПОДУШКА ДЕКОРАТИВНАЯ BUTTERFLY;500;1000;мм;0;7028238200675.jpg;
7,02824E+12;ПОДУШКА ДЕКОРАТИВНАЯ BUTTERFLY;500;1000;мм;0;7028238200668.jpg;
7,02824E+12;ПОДУШКА ДЕКОРАТИВНАЯ PEACE;500;1000;мм;0;7028238200651.jpg;
7,2974E+12;ПОКРЫВАЛО ДВУХСТОРОННЕЕ;2600;1000;мм;0;7297400058707.jpg;
7,2974E+12;ПОКРЫВАЛО ДВУХСТОРОННЕЕ;2600;1000;мм;0;7297400058646.jpg;
7,2974E+12;ПОКРЫВАЛО ДВУХСТОРОННЕЕ;2200;1000;мм;0;7297400058639.jpg;
7,2974E+12;ПОКРЫВАЛО ДВУХСТОРОННЕЕ;2600;1000;мм;0;7297400058585.jpg;
7,2974E+12;ПОКРЫВАЛО ДВУХСТОРОННЕЕ;2200;1000;мм;0;7297400058578.jpg;
8,9E+12;КОВРИК ДЛЯ НОГ;600;1000;мм;0;8900000075287.jpg;
8,9E+12;КОВРИК ДЛЯ НОГ;600;1000;мм;0;8900000075263.jpg;
8,9E+12;КОВРИК ДЛЯ НОГ;600;1000;мм;0;8900000075249.jpg;
8,9E+12;КОВРИК ДЛЯ НОГ;600;1000;мм;0;8900000075225.jpg;
8,9E+12;КОВРИК ДЛЯ НОГ;600;1000;мм;0;8900000075201.jpg;
8,9E+12;КОВРИК ДЛЯ НОГ;600;1000;мм;0;8900000075188.jpg;
8,9E+12;КОВРИК ДЛЯ НОГ;600;1000;мм;0;8900000075164.jpg;
8,9E+12;ПОЛОТЕНЦЕ МАХРОВОЕ;700;1000;мм;0;8900000075058.jpg;
8,9E+12;ПОЛОТЕНЦЕ МАХРОВОЕ;700;1000;мм;0;8900000075072.jpg;
8,9E+12;ПОЛОТЕНЦЕ МАХРОВОЕ;700;1000;мм;0;8900000075096.jpg;
8,9E+12;ПОЛОТЕНЦЕ МАХРОВОЕ;700;1000;мм;0;8900000075133.jpg;
8,9E+12;ПОЛОТЕНЦЕ МАХРОВОЕ;700;1000;мм;0;8900000075034.jpg;
8,9E+12;ПОЛОТЕНЦЕ МАХРОВОЕ;700;1000;мм;0;8900000075010.jpg;
8,9E+12;ПОЛОТЕНЦЕ МАХРОВОЕ;700;1000;мм;0;8900000075119.jpg;
8,9E+12;ПОЛОТЕНЦЕ МАХРОВОЕ;700;1000;мм;0;8900000074990.jpg;
8,9E+12;ПОЛОТЕНЦЕ МАХРОВОЕ;500;1000;мм;0;8900000075065.jpg;
8,9E+12;ПОЛОТЕНЦЕ МАХРОВОЕ;500;1000;мм;0;8900000075089.jpg;
8,9E+12;ПОЛОТЕНЦЕ МАХРОВОЕ;500;1000;мм;0;8900000075102.jpg;
8,9E+12;ПОЛОТЕНЦЕ МАХРОВОЕ;500;1000;мм;0;8900000075140.jpg;
8,9E+12;ПОЛОТЕНЦЕ МАХРОВОЕ;500;1000;мм;0;8900000075041.jpg;
8,9E+12;ПОЛОТЕНЦЕ МАХРОВОЕ;500;1000;мм;0;8900000075027.jpg;
8,9E+12;ПОЛОТЕНЦЕ МАХРОВОЕ;500;1000;мм;0;8900000075126.jpg;
8,9E+12;ПОЛОТЕНЦЕ МАХРОВОЕ;500;1000;мм;0;8900000075003.jpg;
8,9E+12;ПОЛОТЕНЦЕ МАХРОВОЕ;300;1000;мм;0;8900000075270.jpg;
8,9E+12;ПОЛОТЕНЦЕ МАХРОВОЕ;300;1000;мм;0;8900000075256.jpg;
8,9E+12;ПОЛОТЕНЦЕ МАХРОВОЕ;300;1000;мм;0;8900000075232.jpg;
8,9E+12;ПОЛОТЕНЦЕ МАХРОВОЕ;300;1000;мм;0;8900000075218.jpg;
8,9E+12;ПОЛОТЕНЦЕ МАХРОВОЕ;300;1000;мм;0;8900000075195.jpg;
8,9E+12;ПОЛОТЕНЦЕ МАХРОВОЕ;300;1000;мм;0;8900000075171.jpg;
8,9E+12;ПОЛОТЕНЦЕ МАХРОВОЕ;300;1000;мм;0;8900000075157.jpg;
8,69E+12;САЛФЕТКА МАХРОВАЯ;300;1000;мм;0;8690000068241.jpg;
8,69E+12;ПОЛОТЕНЦЕ МАХРОВОЕ SPANY HOTEL;500;1000;мм;0;8690000068470.jpg;
8,69E+12;ПОЛОТЕНЦЕ МАХРОВОЕ SPANY HOTEL;500;1000;мм;0;8690000068265.jpg;
8,69E+12;ПОЛОТЕНЦЕ МАХРОВОЕ SPANY HOTEL;700;1000;мм;0;8690000068258.jpg;
8,69E+12;ПОЛОТЕНЦЕ МАХРОВОЕ КОВРИК ДЛЯ НОГ;500;1000;мм;0;8690000068234.jpg;
8,69E+12;ПОЛОТЕНЦЕ МАХРОВОЕ SPANY HOTEL;1000;1000;мм;0;8690000068203.jpg;
8,9E+12;ПОЛОТЕНЦЕ МАХРОВОЕ;500;1000;мм;0;8900000061204.jpg;
8,9E+12;ПОЛОТЕНЦЕ МАХРОВОЕ;700;1000;мм;0;8900000061334.jpg;
gr29377;Одеяло Bamboo;1720;1000;мм;0;gr29377.jpg;
140225087;"Комплект белья ЭГО ""Фантазия""";700;1000;мм;0;140225087.jpg;
140225084;"Комплект белья ЭГО ""Лето""";700;1000;мм;0;140225084.jpg;
136649165;"Комплект белья Романтика Славы Зайцева ""Гармония""";700;1000;мм;0;136649165.jpg;
140225089;"Комплект белья ЭГО ""Узор""";700;1000;мм;0;140225089.jpg;
140460128;"Комплект белья Amore Mio ""Shato""";700;1000;мм;0;140460128.jpg;
140460129;"Комплект белья Amore Mio ""Window""";700;1000;мм;0;140460129.jpg;
140536168;"Комплект белья Letto ""Традиция""";700;1000;мм;0;140536168.jpg;
135447378;"Комплект белья Хлопковый Край ""Валенсия""";700;1000;мм;0;135447378.jpg;
135488944;"Комплект белья Романтика Славы Зайцева ""Мейли""";700;1000;мм;0;135488944.jpg;
138290853;"Комплект белья Волшебная ночь ""Island Dreams""";700;1000;мм;0;138290853.jpg;
138336844;"Комплект белья Le Vele ""Actual""";700;1000;мм;0;138336844.jpg;
138972045;"Комплект белья Guten Morgen ""Сирень""";700;1000;мм;0;138972045.jpg;
138972050;"Комплект белья Guten Morgen ""Лебеди""";700;1000;мм;0;138972050.jpg;
138972094;"Комплект белья Guten Morgen ""Пэчворк""";700;1000;мм;0;138972094.jpg;
138972090;"Комплект белья Guten Morgen ""Алый пион""";700;1000;мм;0;138972090.jpg;
138972063;"Комплект белья ""Guten Morgen""";700;1000;мм;0;138972063.jpg;
138972077;"Комплект белья ""Guten Morgen""";700;1000;мм;0;138972077.jpg;
138972086;"Комплект белья ""Guten Morgen""";700;1000;мм;0;138972086.jpg;
138972087;"Комплект белья ""Guten Morgen""";700;1000;мм;0;138972087.jpg;
138972089;"Комплект белья ""Guten Morgen""";700;1000;мм;0;138972089.jpg;
139653870;"Комплект белья KAZANOV.A. ""Пейсли""";500;1000;мм;0;139653870.jpg;
139653872;"Комплект белья KAZANOV.A. ""Фредерика""";500;1000;мм;0;139653872.jpg;
139846822;"Комплект белья Letto Home Textile ""Традиция""";700;1000;мм;0;139846822.jpg;
139846823;"Комплект белья Letto Home Textile ""Традиция""";700;1000;мм;0;139846823.jpg;
139846828;"Комплект белья Letto Home Textile ""Традиция""";700;1000;мм;0;139846828.jpg;
139846829;"Комплект белья Letto Home Textile ""Традиция""";700;1000;мм;0;139846829.jpg;
139846834;"Комплект белья Letto Home Textile ""Традиция""";700;1000;мм;0;139846834.jpg;
139885204;"Комплект белья Clasy ""Champion""";700;1000;мм;0;139885204.jpg;
139885277;"Комплект белья Clasy ""Stripe Satin""";700;1000;мм;0;139885277.jpg;
139901008;"Комплект белья Amore Mio ""Голландия""";700;1000;мм;0;139901008.jpg;
139105232;"Комплект белья Hobby Home Collection ""Stella""";500;1000;мм;0;139105232.jpg;
139105168;"Комплект белья Hobby Home Collection ""Avangarde""";500;1000;мм;0;139105168.jpg;
139105245;"Комплект белья Hobby Home Collection ""Gloria""";500;1000;мм;0;139105245.jpg;
139105257;"Комплект белья Hobby Home Collection ""Milena""";500;1000;мм;0;139105257.jpg;
137213069;"Комплект белья Love Me ""Fairytale""";500;1000;мм;0;137213069.jpg;
138972048;"Комплект белья Guten Morgen ""Подсолнухи""";500;1000;мм;0;138972048.jpg;
135567663;"Комплект белья ""Гармония""";500;1000;мм;0;135567663.jpg;
137592465;"Комплект белья Tiffany's Secret ""Зефирные сны""";500;1000;мм;0;137592465.jpg;
138143002;"Комплект белья Cleo ""Миамур""";500;1000;мм;0;138143002.jpg;
135116750;"Комплект белья GAPCHINSKA ""Бабочки в моей голове""";500;1000;мм;0;135116750.jpg;
136031530;"Комплект белья Togas ""Монограмма""";500;1000;мм;0;136031530.jpg;
139105174;"Комплект белья Hobby Home Collection ""Bella""";500;1000;мм;0;139105174.jpg;
139105183;"Комплект белья Hobby Home Collection ""Clarinda""";500;1000;мм;0;139105183.jpg;
139105185;"Комплект белья Hobby Home Collection ""Clementina""";500;1000;мм;0;139105185.jpg;
139105205;"Комплект белья Hobby Home Collection ""Mira""";500;1000;мм;0;139105205.jpg;
139105275;"Комплект белья Hobby Home Collection ""San-Diego""";500;1000;мм;0;139105275.jpg;
138903665;"Комплект белья Cleo ""Цветочный рай""";500;1000;мм;0;138903665.jpg;
139105161;"Комплект белья Hobby Home Collection ""Alvis""";500;1000;мм;0;139105161.jpg;
139105171;"Комплект белья Hobby Home Collection ""Belen""";500;1000;мм;0;139105171.jpg;
138139753;"Комплект белья Classic by T ""Вирджиния""";500;1000;мм;0;138139753.jpg;
138142157;"Комплект белья Cleo ""Жемчужная роза""";500;1000;мм;0;138142157.jpg;
138142999;"Комплект белья Cleo ""Пэчворк""";500;1000;мм;0;138142999.jpg;
138903667;"Комплект белья Cleo ""Пейсли Марокко""";500;1000;мм;0;138903667.jpg;
138904511;"Комплект белья Cleo ""Магдалина""";500;1000;мм;0;138904511.jpg;
138972085;"Комплект белья ""Guten Morgen""";500;1000;мм;0;138972085.jpg;
140561815;"Комплект белья Василиса ""Белая""";500;1000;мм;0;140561815.jpg;
140561816;"Комплект белья Василиса ""Белая""";500;1000;мм;0;140561816.jpg;
140561817;"Комплект белья Василиса ""Белая""";500;1000;мм;0;140561817.jpg;
140561796;"Комплект белья ""Василиса""";500;1000;мм;0;140561796.jpg;
140561797;"Комплект белья ""Василиса""";500;1000;мм;0;140561797.jpg;
140561798;"Комплект белья ""Василиса""";500;1000;мм;0;140561798.jpg;
140561799;"Комплект белья ""Василиса""";500;1000;мм;0;140561799.jpg;
140561813;"Комплект белья Василиса ""Белая""";500;1000;мм;0;140561813.jpg;
140561814;"Комплект белья Василиса ""Белая""";500;1000;мм;0;140561814.jpg;
140561789;"Комплект белья ""Василиса""";500;1000;мм;0;140561789.jpg;
140561790;"Комплект белья ""Василиса""";500;1000;мм;0;140561790.jpg;
140561791;"Комплект белья ""Василиса""";500;1000;мм;0;140561791.jpg;
140561795;"Комплект белья ""Василиса""";500;1000;мм;0;140561795.jpg;
140547355;"Комплект белья Verossa ""Indigo""";500;1000;мм;0;140547355.jpg;
140547356;"Комплект белья Verossa ""Indigo""";500;1000;мм;0;140547356.jpg;
140547374;"Комплект белья Verossa ""Arthur""";500;1000;мм;0;140547374.jpg;
140547319;"Комплект белья Verossa ""Colibri""";500;1000;мм;0;140547319.jpg;
140547325;"Комплект белья Verossa ""Fennel""";500;1000;мм;0;140547325.jpg;
140547098;"Комплект белья Волшебная ночь ""Herbarium""";500;1000;мм;0;140547098.jpg;
140547100;"Комплект белья Волшебная ночь ""Bloom""";500;1000;мм;0;140547100.jpg;
140547103;"Комплект белья Волшебная ночь ""Flamingo""";500;1000;мм;0;140547103.jpg;
140547106;"Комплект белья Волшебная ночь ""Morning""";500;1000;мм;0;140547106.jpg;
140547108;"Комплект белья Волшебная ночь ""Postcard""";500;1000;мм;0;140547108.jpg;
140547109;"Комплект белья Волшебная ночь ""Meadow""";500;1000;мм;0;140547109.jpg;
140547110;"Комплект белья Волшебная ночь ""Memory""";500;1000;мм;0;140547110.jpg;
140547111;"Комплект белья Волшебная ночь ""Paint""";500;1000;мм;0;140547111.jpg;
140547112;"Комплект белья Волшебная ночь ""Amour""";500;1000;мм;0;140547112.jpg;
140547079;"Комплект белья Волшебная ночь ""Spring Melody""";500;1000;мм;0;140547079.jpg;
140547083;"Комплект белья Волшебная ночь ""Meadow""";500;1000;мм;0;140547083.jpg;
140547084;"Комплект белья Волшебная ночь ""Memory""";500;1000;мм;0;140547084.jpg;
140547085;"Комплект белья Волшебная ночь ""Paint""";500;1000;мм;0;140547085.jpg;
140547086;"Комплект белья Волшебная ночь ""Amour""";500;1000;мм;0;140547086.jpg;
140547087;"Комплект белья Волшебная ночь ""Weave""";500;1000;мм;0;140547087.jpg;
140547089;"Комплект белья Волшебная ночь ""Letter""";500;1000;мм;0;140547089.jpg;
140547091;"Комплект белья Волшебная ночь ""Bird Garden""";500;1000;мм;0;140547091.jpg;
140547094;"Комплект белья Волшебная ночь ""Shell""";500;1000;мм;0;140547094.jpg;
140547095;"Комплект белья Волшебная ночь ""Frame""";500;1000;мм;0;140547095.jpg;
140547063;"Комплект белья Волшебная ночь ""Letter""";500;1000;мм;0;140547063.jpg;
140547065;"Комплект белья Волшебная ночь ""Bird Garden""";500;1000;мм;0;140547065.jpg;
140547072;"Комплект белья Волшебная ночь ""Herbarium""";500;1000;мм;0;140547072.jpg;
140547074;"Комплект белья Волшебная ночь ""Bloom""";500;1000;мм;0;140547074.jpg;
140547075;"Комплект белья Волшебная ночь ""Parrot""";500;1000;мм;0;140547075.jpg;
140547077;"Комплект белья Волшебная ночь ""Flamingo""";500;1000;мм;0;140547077.jpg;
140547049;"Комплект белья Verossa ""Amber""";500;1000;мм;0;140547049.jpg;
140547055;"Комплект белья Verossa ""Sunset""";500;1000;мм;0;140547055.jpg;
140547056;"Комплект белья Verossa ""Sunset""";500;1000;мм;0;140547056.jpg;
140547044;"Комплект белья Verossa ""Вlue Sky""";500;1000;мм;0;140547044.jpg;
140547043;"Комплект белья Verossa ""Вlue Sky""";500;1000;мм;0;140547043.jpg;
140494097;"Комплект белья Amore Mio ""Osaka""";500;1000;мм;0;140494097.jpg;
140494099;"Комплект белья Amore Mio ""Prague""";500;1000;мм;0;140494099.jpg;
140494100;"Комплект белья Amore Mio ""Riga""";500;1000;мм;0;140494100.jpg;
140494101;"Комплект белья Amore Mio ""Sofia""";500;1000;мм;0;140494101.jpg;
140494102;"Комплект белья Amore Mio ""Sydney""";500;1000;мм;0;140494102.jpg;
140494103;"Комплект белья Amore Mio ""Varna""";500;1000;мм;0;140494103.jpg;
140494104;"Комплект белья Amore Mio ""Vienna""";500;1000;мм;0;140494104.jpg;
140494107;"Комплект белья Amore Mio ""Isabel""";500;1000;мм;0;140494107.jpg;
140494108;"Комплект белья Amore Mio ""Kayla""";500;1000;мм;0;140494108.jpg;
140494109;"Комплект белья Amore Mio ""Jour""";500;1000;мм;0;140494109.jpg;
140494110;"Комплект белья Amore Mio ""Lilly""";500;1000;мм;0;140494110.jpg;
140494111;"Комплект белья Amore Mio ""Nastya""";500;1000;мм;0;140494111.jpg;
140494113;"Комплект белья Amore Mio ""Paisly""";500;1000;мм;0;140494113.jpg;
140494114;"Комплект белья Amore Mio ""Rose""";500;1000;мм;0;140494114.jpg;
140494084;"Комплект белья Amore Mio ""Geneva""";500;1000;мм;0;140494084.jpg;
140494085;"Комплект белья Amore Mio ""Glasgow""";500;1000;мм;0;140494085.jpg;
140494086;"Комплект белья Amore Mio ""Hamburg""";500;1000;мм;0;140494086.jpg;
140494087;"Комплект белья Amore Mio ""Linz""";500;1000;мм;0;140494087.jpg;
140494088;"Комплект белья Amore Mio ""Lisbon""";500;1000;мм;0;140494088.jpg;
140494090;"Комплект белья Amore Mio ""Lviv""";500;1000;мм;0;140494090.jpg;
140494091;"Комплект белья Amore Mio ""Medellin""";500;1000;мм;0;140494091.jpg;
140494092;"Комплект белья Amore Mio ""Milan""";500;1000;мм;0;140494092.jpg;
140494093;"Комплект белья Amore Mio ""Montreal""";500;1000;мм;0;140494093.jpg;
140494094;"Комплект белья Amore Mio ""Munich""";500;1000;мм;0;140494094.jpg;
140494095;"Комплект белья Amore Mio ""Nairobi""";500;1000;мм;0;140494095.jpg;
140494096;"Комплект белья Amore Mio ""Narva""";500;1000;мм;0;140494096.jpg;
140494070;"Комплект белья Amore Mio ""Molly""";500;1000;мм;0;140494070.jpg;
140494071;"Комплект белья Amore Mio ""Victoria""";500;1000;мм;0;140494071.jpg;
140494073;"Комплект белья Amore Mio ""Jessica""";500;1000;мм;0;140494073.jpg;
140494074;"Комплект белья Amore Mio ""Layla""";500;1000;мм;0;140494074.jpg;
140494075;"Комплект белья Amore Mio ""Amsterdam""";500;1000;мм;0;140494075.jpg;
140494077;"Комплект белья Amore Mio ""Athens""";500;1000;мм;0;140494077.jpg;
140494079;"Комплект белья Amore Mio ""Basel""";500;1000;мм;0;140494079.jpg;
140494080;"Комплект белья Amore Mio ""Belgrade""";500;1000;мм;0;140494080.jpg;
140494083;"Комплект белья Amore Mio ""Dresden""";500;1000;мм;0;140494083.jpg;
140494064;"Комплект белья Amore Mio ""Gracie""";500;1000;мм;0;140494064.jpg;
12743249;Простынь 1.5 спальная;150;214;мм;690;12743249.jpg;
12743250;Простынь 2 спальная;180;214;мм;820;12743250.jpg;
12743251;Простынь 2 спальная;195;214;мм;920;12743251.jpg;
12743252;Простынь евро;200;220;мм;990;12743252.jpg;
12743253;Простынь 1.5 спальная белая;150;215;мм;1390;12743253.jpg;
12743254;Простынь 1.5 спальная цвет 007;150;220;мм;1390;12743254.jpg;
12743255;Простынь 1.5 спальная цвет 143;150;215;мм;1390;12743255.jpg;
12743256;Простынь 1.5 спальная;150;220;мм;1490;12743256.jpg;
12743257;Простынь 1.5 спальная цвет 18;150;220;мм;1490;12743257.jpg;
12743258;Простынь 2 спальная белая;210;220;мм;1950;12743258.jpg;
12743259;Простынь 1.5 спальная умягченная;150;220;мм;2290;12743259.jpg;
12743260;Простынь евро белая;220;240;мм;2390;12743260.jpg;
12743261;Простынь евро;220;240;мм;2390;12743261.jpg;
12743262;Простынь белая;260;250;мм;2890;12743262.jpg;
12743263;Простынь серая;260;250;мм;2890;12743263.jpg;
12743264;Простынь на резинке белая;200;180;мм;2990;12743264.jpg;
12743265;Простынь на резинке серая 2 спальная;200;180;мм;2990;12743265.jpg;
12743266;Простынь евро умягченная;220;240;мм;2990;12743266.jpg;
12743267;Простынь евро умягченная;220;240;мм;2990;12743267.jpg;
12743268;Простынь на резинке серая евро;200;200;мм;3490;12743268.jpg;
12743269;Простынь на резинке евро;200;200;мм;3490;12743269.jpg;
12743270;Наволочка;50;70;мм;490;12743270.jpg;
12743271;Наволочка;50;70;мм;490;12743271.jpg;
12743272;Наволочка;50;70;мм;490;12743272.jpg;
12743273;Наволочка;50;70;мм;490;12743273.jpg;
12743274;Наволочка;50;70;мм;490;12743274.jpg;
12743275;Наволочка;70;70;мм;590;12743275.jpg;
12743276;Наволочка;70;70;мм;590;12743276.jpg;
12743277;Наволочка;70;70;мм;590;12743277.jpg;
12743278;Наволочка;70;70;мм;590;12743278.jpg;
12743279;Наволочка с кружевом;50;70;мм;490;12743279.jpg;
12743280;Наволочка с кружевом;70;70;мм;590;12743280.jpg;
12743281;Наволочка с кружевом;50;70;мм;490;12743281.jpg;
12743282;Наволочка с кружевом;70;70;мм;590;12743282.jpg;
12743283;Наволочка с кружевом;50;70;мм;420;12743283.jpg;
12743284;Наволочка с кружевом;70;70;мм;560;12743284.jpg;
12743285;Наволочка с кружевом;70;70;мм;290;12743285.jpg;
12743286;Наволочка с кружевом;50;70;мм;190;12743286.jpg;
12743287;Пододеяльник евро;220;200;мм;1890;12743287.jpg;
12743288;Пододеяльник 1.5 спальный;150;215;мм;1490;12743288.jpg;
12743289;Пододеяльник полутороспальный;150;220;мм;2290;12743289.jpg;
12743290;Пододеяльник двуспальный;180;220;мм;3800;12743290.jpg;
12743291;Пододеяльник евро;220;200;мм;3990;12743291.jpg;
12743292;Пододеяльник полутороспальный;147;215;мм;2290;12743292.jpg;
12743293;Пододеяльник двуспальный;180;220;мм;3690;12743293.jpg;
12743294;Пододеяльник евро;210;220;мм;3990;12743294.jpg;
12743295;Салфетка в красную клетку;33;33;мм;130;12743295.jpg;
12743296;Салфетка златовласка;33;33;мм;130;12743296.jpg;
12743297;Салфетка в зеленую клетку;33;33;мм;130;12743297.jpg;
12743298;Салфетка в синюю клетку;33;33;мм;130;12743298.jpg;
12743299;Салфетка еления;40;40;мм;130;12743299.jpg;
12743300;Салфетка медальон;45;45;мм;145;12743300.jpg;
12743301;Салфетка с мережкой белая;42;42;мм;145;12743301.jpg;
12743302;Салфетка с мережкой серая;45;45;мм;145;12743302.jpg;
12743303;Салфетка бергамо;45;45;мм;145;12743303.jpg;
12743304;Салфетка мерано;45;45;мм;145;12743304.jpg;
12743305;Салфетка гламур;50;50;мм;165;12743305.jpg;
12743306;Салфетка милан;50;50;мм;165;12743306.jpg;
12743307;Салфетка листва;50;50;мм;165;12743307.jpg;
12743308;Салфетка зимняя ночь;50;50;мм;165;12743308.jpg;
12743309;Салфетка ливень;50;50;мм;175;12743309.jpg;
12743310;Салфетка марго;50;50;мм;175;12743310.jpg;
12743311;Салфетка катюша;50;50;мм;175;12743311.jpg;
12743312;Салфетка весна;50;50;мм;175;12743312.jpg;
12743313;Салфетка мулине;50;50;мм;175;12743313.jpg;
12743314;Салфетка атласная синяя;42;42;мм;175;12743314.jpg;
12743315;Салфетка виноград;50;50;мм;180;12743315.jpg;
12743316;Салфетка цвет шоколадный;42;42;мм;185;12743316.jpg;
12743317;Салфетка цвет фисташковый;42;42;мм;185;12743317.jpg;
12743318;Салфетка цвет голубой;42;42;мм;185;12743318.jpg;
12743319;Салфетка цвет коралл;42;42;мм;185;12743319.jpg;
12743320;Салфетка цвет лавандовый;42;42;мм;185;12743320.jpg;
12743321;Салфетка цвет персиковый;42;42;мм;185;12743321.jpg;
12743322;Салфетка бордо;42;42;мм;185;12743322.jpg;
12743323;Салфетка цвет белый;42;42;мм;185;12743323.jpg;
12743324;Салфетка цвет изумруд;42;42;мм;185;12743324.jpg;
12743325;Салфетка цвет терракот;42;42;мм;185;12743325.jpg;
12743326;Салфетка цвет желтый;42;42;мм;185;12743326.jpg;
12743327;Салфетка цвет синий;42;42;мм;185;12743327.jpg;
12743328;Салфетка цвет серый;42;42;мм;185;12743328.jpg;
12743329;Салфетка цвет слива;42;42;мм;185;12743329.jpg;
12743330;Салфетка лесной букет;48;48;мм;240;12743330.jpg;
12743331;Салфетка зима;48;48;мм;245;12743331.jpg;
12743332;Салфетка волшебство;48;48;мм;245;12743332.jpg;
12743333;Салфетка время торжества;48;48;мм;245;12743333.jpg;
12743334;Салфетка снеговик;48;48;мм;245;12743334.jpg;
12743335;Салфетка вальс;48;48;мм;245;12743335.jpg;
12743336;Салфетка пасхальное утро;45;45;мм;245;12743336.jpg;
12743337;Салфетка традиции;40;40;мм;260;12743337.jpg;
12743338;Салфетка торжество;40;40;мм;260;12743338.jpg;
12743339;Салфетка полонез;49;49;мм;295;12743339.jpg;
12743340;Салфетка каприз;50;50;мм;295;12743340.jpg;
12743341;Салфетка полонез цвет 2;49;49;мм;295;12743341.jpg;
12743342;Полотенце махровое весеннее;67;40;мм;690;12743342.jpg;
12743343;Полотенце махровое колокольчики на ветке;67;40;мм;520;12743343.jpg;
12743344;Полотенце ракушки;50;90;мм;1290;12743344.jpg;
12743345;Полотенце махровое олени;50;90;мм;690;12743345.jpg;
12743346;Полотенце махровое настурция;50;90;мм;690;12743346.jpg;
12743347;Полотенце махровое аляска;50;90;мм;690;12743347.jpg;
12743348;Полотенце махровое орхидея;50;90;мм;690;12743348.jpg;
12743349;Полотенце махровое васильки;50;90;мм;690;12743349.jpg;
12743350;Полотенце махровое вальс цветов;50;90;мм;690;12743350.jpg;
12743351;Полотенце ромашковое поле;50;90;мм;690;12743351.jpg;
12743352;Полотенце махровое пелагея;50;90;мм;690;12743352.jpg;
12743353;Полотенце махровое греция;50;90;мм;690;12743353.jpg;
12743354;Полотенце махровое ленок;50;90;мм;690;12743354.jpg;
12743355;Полотенце греческое;60;120;мм;990;12743355.jpg;
12743356;Полотенце махровое ромашечки;67;150;мм;1490;12743356.jpg;
12743357;Полотенце махровое клен;67;150;мм;1490;12743357.jpg;
12743358;Полотенце махровое лора;67;150;мм;1490;12743358.jpg;
12743359;Полотенце махровое юнона;67;150;мм;1490;12743359.jpg;
12743360;Полотенце махровое бабочки и цветы;67;150;мм;1490;12743360.jpg;
12743361;Полотенце махровое камешки;67;150;мм;1490;12743361.jpg;
12743362;Прихватка народная;20;20;мм;140;12743362.jpg;
12743363;Прихватка овощная ярмарка;30;20;мм;140;12743363.jpg;
12743364;Прихватка гуси;30;20;мм;140;12743364.jpg;
12743365;Полотенце с мережкой белое;45;65;мм;175;12743365.jpg;
12743366;Полотенце с мережкой серое;45;65;мм;175;12743366.jpg;
12743367;Полотенце с мережкой оливковый;45;65;мм;175;12743367.jpg;
12743368;Полотенце льняное наслаждение;50;70;мм;195;12743368.jpg;
12743369;Полотенце льняное магия востока;50;70;мм;195;12743369.jpg;
12743370;Полотенце льняное петухи;50;70;мм;195;12743370.jpg;
12743371;Полотенце льняное бостон;50;70;мм;195;12743371.jpg;
12743372;Полотенце льняное милан;50;70;мм;195;12743372.jpg;
12743373;Полотенце льняное конфитюр;50;70;мм;195;12743373.jpg;
12743374;Полотенце льняное арника;50;70;мм;195;12743374.jpg;
12743375;Полотенце льняное музыка весны-3;50;70;мм;195;12743375.jpg;
12743376;Полотенце льняное нескафе;50;70;мм;195;12743376.jpg;
12743377;Полотенце льняное жалейка;50;70;мм;195;12743377.jpg;
12743378;Полотенце льняное наслаждение;50;70;мм;195;12743378.jpg;
12743379;Полотенце льняное чай;50;70;мм;195;12743379.jpg;
12743380;Полотенце льняное одиссея;50;80;мм;215;12743380.jpg;
12743381;Плед льняной клетка-3 мини;150;105;мм;1690;12743381.jpg;
12743382;Плед льняной весеннее мини;100;140;мм;1690;12743382.jpg;
12743383;Покрывало детское забава;150;220;мм;2690;12743383.jpg;
12743384;Покрывало льняное бабочки мини;110;160;мм;1990;12743384.jpg;
12743385;Покрывало льняное зигзаг;200;150;мм;2490;12743385.jpg;
12743386;Покрывало льняное злато;160;220;мм;2690;12743386.jpg;
12743387;Покрывало льняное бабочки;160;220;мм;2690;12743387.jpg;
12743388;Покрывало льняное амадей;160;220;мм;2690;12743388.jpg;
12743389;Покрывало льняное нолики;160;220;мм;2690;12743389.jpg;
12743390;Плед льняной чарли;150;130;мм;2990;12743390.jpg;
12743391;Плед льняной барышня-крестьянка стандарт;200;120;мм;3690;12743391.jpg;
12743392;Плед льняной барышня-крестьянка;200;145;мм;3990;12743392.jpg;
12743393;Плед льняной магия востока;220;140;мм;3990;12743393.jpg;
12743394;Плед льняной весеннее;220;140;мм;3990;12743394.jpg;
12743395;Плед льняной артемида;220;140;мм;3990;12743395.jpg;
12743396;Плед льняной хризантема;220;140;мм;3990;12743396.jpg;
12743397;Плед льняной лофт рис.1;220;140;мм;3990;12743397.jpg;
12743398;Плед льняной лофт рис.2;180;220;мм;4190;12743398.jpg;
12743399;Плед льняной амадей;210;150;мм;4290;12743399.jpg;
12743400;Плед льняной магия востока цвет 120;210;160;мм;4290;12743400.jpg;
12743401;Плед льняной клетка-1;230;190;мм;4290;12743401.jpg;
12743402;Плед льняной клетка-2;220;200;мм;4290;12743402.jpg;
12743403;Покрывало льняное цветы;200;175;мм;4290;12743403.jpg;
12743404;Плед льняной сюита;200;150;мм;4290;12743404.jpg;
12743405;Плед льняной клетка мод.1;210;220;мм;4290;12743405.jpg;
12743406;Плед льняной конго;200;145;мм;4290;12743406.jpg;
12743407;Плед льняной клетка мод.2;230;200;мм;4290;12743407.jpg;
12743408;Плед льняной клетка-3;200;200;мм;4290;12743408.jpg;
12743409;Плед льняной клетка мод.3;180;220;мм;4690;12743409.jpg;
12743410;Плед льняной серенада;210;220;мм;4990;12743410.jpg;
12743411;Плед льняной злато премиум;220;220;мм;6400;12743411.jpg;
12743412;Плед льняной бабочки премиум;220;230;мм;6400;12743412.jpg;
12743413;Плед льняной амадей премиум;220;230;мм;6400;12743413.jpg;
12743414;Плед льняной стеганный лазурь;200;200;мм;7990;12743414.jpg;
12743415;Внутренняя подушка;45;45;мм;260;12743415.jpg;
12743416;Внутренняя подушка;50;35;мм;290;12743416.jpg;
12743417;Льняная подушка на стул;35;40;мм;490;12743417.jpg;
12743418;Декоративная подушка серая;45;45;мм;490;12743418.jpg;
12743419;Декоративная подушка зеленая;45;45;мм;490;12743419.jpg;
12743420;Декоративная подушка велосипед;30;50;мм;520;12743420.jpg;
12743421;Декоративная подушка птицы;45;45;мм;590;12743421.jpg;
12743422;Декоративная подушка лисенок;40;40;мм;590;12743422.jpg;
12743423;Декоративная подушка бабочки;30;50;мм;590;12743423.jpg;
12743424;Декоративная подушка влюбленные кошки;45;45;мм;590;12743424.jpg;
12743425;Декоративная наволочка птица в шарфе;45;45;мм;590;12743425.jpg;
12743426;Декоративная наволочка олененок в коньках;45;45;мм;590;12743426.jpg;
12743427;Декоративная наволочка зайчонок и олененок;45;45;мм;590;12743427.jpg;
12743428;Декоративная наволочка тедди;45;45;мм;590;12743428.jpg;
12743429;Декоративная подушка котенок;45;45;мм;590;12743429.jpg;
12743430;Подушка снеговик;30;30;мм;620;12743430.jpg;
12743431;Подушка елочка;30;30;мм;620;12743431.jpg;
12743432;Подушка незабудка цвет 1;40;40;мм;640;12743432.jpg;
12743433;Подушка незабудка цвет 2;40;40;мм;640;12743433.jpg;
12743434;Подушка совята цвет 1;30;50;мм;640;12743434.jpg;
12743435;Подушка совята цвет 2;30;50;мм;640;12743435.jpg;
12743436;Подушка на табурет кот;30;30;мм;690;12743436.jpg;
12743437;Подушка на табурет заяц;30;30;мм;690;12743437.jpg;
12743438;Подушка игрушка курочка;20;40;мм;690;12743438.jpg;
12743439;Декоративная наволочка вензель цвет 1;45;45;мм;690;12743439.jpg;
12743440;Декоративная наволочка мяу-мяу;45;45;мм;690;12743440.jpg;
12743441;Декоративная наволочка одуванчики цвет 1;45;45;мм;690;12743441.jpg;
12743442;Декоративная наволочка кит;45;45;мм;690;12743442.jpg;
12743443;Декоративная наволочка мяу-мяу цвет 1;45;45;мм;690;12743443.jpg;
12743444;Декоративная наволочка рыбка рис 1;45;45;мм;690;12743444.jpg;
12743445;Декоративная наволочка рис 2;45;45;мм;690;12743445.jpg;
12743446;Декоративная наволочка мишка;45;45;мм;690;12743446.jpg;
12743447;Декоративная наволочка вензель;45;45;мм;690;12743447.jpg;
7,02823E+12;Подушка;700;700;мм;0;7028231801145.jpg;
7,02823E+12;Подушка;500;700;мм;0;7028231801084.jpg;
7,02823E+12;Одеяло;1720;2100;мм;0;7028231801107.jpg;
7,02823E+12;Одеяло;1500;2100;мм;0;7028231801039.jpg;
7,02823E+12;Подушка;700;700;мм;0;7028231801138.jpg;
7,02823E+12;Подушка;500;700;мм;0;7028231801053.jpg;
7,02823E+12;Одеяло;2000;2200;мм;0;7028231801015.jpg;
7,02823E+12;Одеяло;1720;2100;мм;0;7028231801091.jpg;
7,02823E+12;Одеяло;1500;2100;мм;0;7028231801008.jpg;
7,02823E+12;Подушка;700;700;мм;0;7028231801121.jpg;
7,02823E+12;Подушка;500;700;мм;0;7028231801022.jpg;
7,02824E+12;ПОДУШКА ДЕКОРАТИВНАЯ BUTTERFLY;500;500;мм;0;7028238200675.jpg;
7,02824E+12;ПОДУШКА ДЕКОРАТИВНАЯ BUTTERFLY;500;500;мм;0;7028238200668.jpg;
7,02824E+12;ПОДУШКА ДЕКОРАТИВНАЯ PEACE;500;500;мм;0;7028238200651.jpg;
7,2974E+12;ПОКРЫВАЛО ДВУХСТОРОННЕЕ;2600;2400;мм;0;7297400058707.jpg;
7,2974E+12;ПОКРЫВАЛО ДВУХСТОРОННЕЕ;2600;2400;мм;0;7297400058646.jpg;
7,2974E+12;ПОКРЫВАЛО ДВУХСТОРОННЕЕ;2200;2400;мм;0;7297400058639.jpg;
7,2974E+12;ПОКРЫВАЛО ДВУХСТОРОННЕЕ;2600;2400;мм;0;7297400058585.jpg;
7,2974E+12;ПОКРЫВАЛО ДВУХСТОРОННЕЕ;2200;2400;мм;0;7297400058578.jpg;
8,9E+12;КОВРИК ДЛЯ НОГ;600;800;мм;0;8900000075287.jpg;
8,9E+12;КОВРИК ДЛЯ НОГ;600;800;мм;0;8900000075263.jpg;
8,9E+12;КОВРИК ДЛЯ НОГ;600;800;мм;0;8900000075249.jpg;
8,9E+12;КОВРИК ДЛЯ НОГ;600;800;мм;0;8900000075225.jpg;
8,9E+12;КОВРИК ДЛЯ НОГ;600;800;мм;0;8900000075201.jpg;
8,9E+12;КОВРИК ДЛЯ НОГ;600;800;мм;0;8900000075188.jpg;
8,9E+12;КОВРИК ДЛЯ НОГ;600;800;мм;0;8900000075164.jpg;
8,9E+12;ПОЛОТЕНЦЕ МАХРОВОЕ;700;1300;мм;0;8900000075058.jpg;
8,9E+12;ПОЛОТЕНЦЕ МАХРОВОЕ;700;1300;мм;0;8900000075072.jpg;
8,9E+12;ПОЛОТЕНЦЕ МАХРОВОЕ;700;1300;мм;0;8900000075096.jpg;
8,9E+12;ПОЛОТЕНЦЕ МАХРОВОЕ;700;1300;мм;0;8900000075133.jpg;
8,9E+12;ПОЛОТЕНЦЕ МАХРОВОЕ;700;1300;мм;0;8900000075034.jpg;
8,9E+12;ПОЛОТЕНЦЕ МАХРОВОЕ;700;1300;мм;0;8900000075010.jpg;
8,9E+12;ПОЛОТЕНЦЕ МАХРОВОЕ;700;1300;мм;0;8900000075119.jpg;
8,9E+12;ПОЛОТЕНЦЕ МАХРОВОЕ;700;1300;мм;0;8900000074990.jpg;
8,9E+12;ПОЛОТЕНЦЕ МАХРОВОЕ;500;900;мм;0;8900000075065.jpg;
8,9E+12;ПОЛОТЕНЦЕ МАХРОВОЕ;500;900;мм;0;8900000075089.jpg;
8,9E+12;ПОЛОТЕНЦЕ МАХРОВОЕ;500;900;мм;0;8900000075102.jpg;
8,9E+12;ПОЛОТЕНЦЕ МАХРОВОЕ;500;900;мм;0;8900000075140.jpg;
8,9E+12;ПОЛОТЕНЦЕ МАХРОВОЕ;500;900;мм;0;8900000075041.jpg;
8,9E+12;ПОЛОТЕНЦЕ МАХРОВОЕ;500;900;мм;0;8900000075027.jpg;
8,9E+12;ПОЛОТЕНЦЕ МАХРОВОЕ;500;900;мм;0;8900000075126.jpg;
8,9E+12;ПОЛОТЕНЦЕ МАХРОВОЕ;500;900;мм;0;8900000075003.jpg;
8,9E+12;ПОЛОТЕНЦЕ МАХРОВОЕ;300;600;мм;0;8900000075270.jpg;
8,9E+12;ПОЛОТЕНЦЕ МАХРОВОЕ;300;600;мм;0;8900000075256.jpg;
8,9E+12;ПОЛОТЕНЦЕ МАХРОВОЕ;300;600;мм;0;8900000075232.jpg;
8,9E+12;ПОЛОТЕНЦЕ МАХРОВОЕ;300;600;мм;0;8900000075218.jpg;
8,9E+12;ПОЛОТЕНЦЕ МАХРОВОЕ;300;600;мм;0;8900000075195.jpg;
8,9E+12;ПОЛОТЕНЦЕ МАХРОВОЕ;300;600;мм;0;8900000075171.jpg;
8,9E+12;ПОЛОТЕНЦЕ МАХРОВОЕ;300;600;мм;0;8900000075157.jpg;
8,69E+12;САЛФЕТКА МАХРОВАЯ;300;300;мм;0;8690000068241.jpg;
8,69E+12;ПОЛОТЕНЦЕ МАХРОВОЕ SPANY HOTEL;500;700;мм;0;8690000068470.jpg;
8,69E+12;ПОЛОТЕНЦЕ МАХРОВОЕ SPANY HOTEL;700;1400;мм;0;8690000068258.jpg;
8,69E+12;ПОЛОТЕНЦЕ МАХРОВОЕ КОВРИК ДЛЯ НОГ;500;700;мм;0;8690000068234.jpg;
8,69E+12;ПОЛОТЕНЦЕ МАХРОВОЕ SPANY HOTEL;1000;1500;мм;0;8690000068203.jpg;
8,9E+12;ПОЛОТЕНЦЕ МАХРОВОЕ;700;1300;мм;0;8900000061334.jpg;
gr29377;Одеяло Bamboo;1720;2050;мм;0;gr29377.jpg;
140225087;"Комплект белья ЭГО ""Фантазия""";700;700;мм;0;140225087.jpg;
140225084;"Комплект белья ЭГО ""Лето""";700;700;мм;0;140225084.jpg;
136649165;"Комплект белья Романтика Славы Зайцева ""Гармония""";700;700;мм;0;136649165.jpg;
140225089;"Комплект белья ЭГО ""Узор""";700;700;мм;0;140225089.jpg;
140460128;"Комплект белья Amore Mio ""Shato""";700;700;мм;0;140460128.jpg;
140460129;"Комплект белья Amore Mio ""Window""";700;700;мм;0;140460129.jpg;
140536168;"Комплект белья Letto ""Традиция""";700;700;мм;0;140536168.jpg;
135447378;"Комплект белья Хлопковый Край ""Валенсия""";700;700;мм;0;135447378.jpg;
135488944;"Комплект белья Романтика Славы Зайцева ""Мейли""";700;700;мм;0;135488944.jpg;
138290853;"Комплект белья Волшебная ночь ""Island Dreams""";700;700;мм;0;138290853.jpg;
138336844;"Комплект белья Le Vele ""Actual""";700;700;мм;0;138336844.jpg;
138972045;"Комплект белья Guten Morgen ""Сирень""";700;700;мм;0;138972045.jpg;
138972050;"Комплект белья Guten Morgen ""Лебеди""";700;700;мм;0;138972050.jpg;
138972094;"Комплект белья Guten Morgen ""Пэчворк""";700;700;мм;0;138972094.jpg;
138972090;"Комплект белья Guten Morgen ""Алый пион""";700;700;мм;0;138972090.jpg;
138972063;"Комплект белья ""Guten Morgen""";700;700;мм;0;138972063.jpg;
138972077;"Комплект белья ""Guten Morgen""";700;700;мм;0;138972077.jpg;
138972086;"Комплект белья ""Guten Morgen""";700;700;мм;0;138972086.jpg;
138972087;"Комплект белья ""Guten Morgen""";700;700;мм;0;138972087.jpg;
138972089;"Комплект белья ""Guten Morgen""";700;700;мм;0;138972089.jpg;
139653870;"Комплект белья KAZANOV.A. ""Пейсли""";500;700;мм;0;139653870.jpg;
139653872;"Комплект белья KAZANOV.A. ""Фредерика""";500;700;мм;0;139653872.jpg;
139846822;"Комплект белья Letto Home Textile ""Традиция""";700;700;мм;0;139846822.jpg;
139846823;"Комплект белья Letto Home Textile ""Традиция""";700;700;мм;0;139846823.jpg;
139846828;"Комплект белья Letto Home Textile ""Традиция""";700;700;мм;0;139846828.jpg;
139846829;"Комплект белья Letto Home Textile ""Традиция""";700;700;мм;0;139846829.jpg;
139846834;"Комплект белья Letto Home Textile ""Традиция""";700;700;мм;0;139846834.jpg;
139885204;"Комплект белья Clasy ""Champion""";700;700;мм;0;139885204.jpg;
139885277;"Комплект белья Clasy ""Stripe Satin""";700;700;мм;0;139885277.jpg;
139901008;"Комплект белья Amore Mio ""Голландия""";700;700;мм;0;139901008.jpg;
139105232;"Комплект белья Hobby Home Collection ""Stella""";500;700;мм;0;139105232.jpg;
139105168;"Комплект белья Hobby Home Collection ""Avangarde""";500;700;мм;0;139105168.jpg;
139105245;"Комплект белья Hobby Home Collection ""Gloria""";500;700;мм;0;139105245.jpg;
139105257;"Комплект белья Hobby Home Collection ""Milena""";500;700;мм;0;139105257.jpg;
137213069;"Комплект белья Love Me ""Fairytale""";500;700;мм;0;137213069.jpg;
138972048;"Комплект белья Guten Morgen ""Подсолнухи""";500;700;мм;0;138972048.jpg;
135567663;"Комплект белья ""Гармония""";500;700;мм;0;135567663.jpg;
137592465;"Комплект белья Tiffany's Secret ""Зефирные сны""";500;700;мм;0;137592465.jpg;
138143002;"Комплект белья Cleo ""Миамур""";500;700;мм;0;138143002.jpg;
135116750;"Комплект белья GAPCHINSKA ""Бабочки в моей голове""";500;700;мм;0;135116750.jpg;
136031530;"Комплект белья Togas ""Монограмма""";500;700;мм;0;136031530.jpg;
139105174;"Комплект белья Hobby Home Collection ""Bella""";500;700;мм;0;139105174.jpg;
139105183;"Комплект белья Hobby Home Collection ""Clarinda""";500;700;мм;0;139105183.jpg;
139105185;"Комплект белья Hobby Home Collection ""Clementina""";500;700;мм;0;139105185.jpg;
139105205;"Комплект белья Hobby Home Collection ""Mira""";500;700;мм;0;139105205.jpg;
139105275;"Комплект белья Hobby Home Collection ""San-Diego""";500;700;мм;0;139105275.jpg;
138903665;"Комплект белья Cleo ""Цветочный рай""";500;700;мм;0;138903665.jpg;
139105161;"Комплект белья Hobby Home Collection ""Alvis""";500;700;мм;0;139105161.jpg;
139105171;"Комплект белья Hobby Home Collection ""Belen""";500;700;мм;0;139105171.jpg;
138139753;"Комплект белья Classic by T ""Вирджиния""";500;700;мм;0;138139753.jpg;
138142157;"Комплект белья Cleo ""Жемчужная роза""";500;700;мм;0;138142157.jpg;
138142999;"Комплект белья Cleo ""Пэчворк""";500;700;мм;0;138142999.jpg;
138903667;"Комплект белья Cleo ""Пейсли Марокко""";500;700;мм;0;138903667.jpg;
138904511;"Комплект белья Cleo ""Магдалина""";500;700;мм;0;138904511.jpg;
138972085;"Комплект белья ""Guten Morgen""";500;700;мм;0;138972085.jpg;
140561815;"Комплект белья Василиса ""Белая""";500;700;мм;0;140561815.jpg;
140561816;"Комплект белья Василиса ""Белая""";500;700;мм;0;140561816.jpg;
140561817;"Комплект белья Василиса ""Белая""";500;700;мм;0;140561817.jpg;
140561796;"Комплект белья ""Василиса""";500;700;мм;0;140561796.jpg;
140561797;"Комплект белья ""Василиса""";500;700;мм;0;140561797.jpg;
140561798;"Комплект белья ""Василиса""";500;700;мм;0;140561798.jpg;
140561799;"Комплект белья ""Василиса""";500;700;мм;0;140561799.jpg;
140561813;"Комплект белья Василиса ""Белая""";500;700;мм;0;140561813.jpg;
140561814;"Комплект белья Василиса ""Белая""";500;700;мм;0;140561814.jpg;
140561789;"Комплект белья ""Василиса""";500;700;мм;0;140561789.jpg;
140561790;"Комплект белья ""Василиса""";500;700;мм;0;140561790.jpg;
140561791;"Комплект белья ""Василиса""";500;700;мм;0;140561791.jpg;
140561795;"Комплект белья ""Василиса""";500;700;мм;0;140561795.jpg;
140547355;"Комплект белья Verossa ""Indigo""";500;700;мм;0;140547355.jpg;
140547356;"Комплект белья Verossa ""Indigo""";500;700;мм;0;140547356.jpg;
140547374;"Комплект белья Verossa ""Arthur""";500;700;мм;0;140547374.jpg;
140547319;"Комплект белья Verossa ""Colibri""";500;700;мм;0;140547319.jpg;
140547325;"Комплект белья Verossa ""Fennel""";500;700;мм;0;140547325.jpg;
140547098;"Комплект белья Волшебная ночь ""Herbarium""";500;700;мм;0;140547098.jpg;
140547100;"Комплект белья Волшебная ночь ""Bloom""";500;700;мм;0;140547100.jpg;
140547103;"Комплект белья Волшебная ночь ""Flamingo""";500;700;мм;0;140547103.jpg;
140547106;"Комплект белья Волшебная ночь ""Morning""";500;700;мм;0;140547106.jpg;
140547108;"Комплект белья Волшебная ночь ""Postcard""";500;700;мм;0;140547108.jpg;
140547109;"Комплект белья Волшебная ночь ""Meadow""";500;700;мм;0;140547109.jpg;
140547110;"Комплект белья Волшебная ночь ""Memory""";500;700;мм;0;140547110.jpg;
140547111;"Комплект белья Волшебная ночь ""Paint""";500;700;мм;0;140547111.jpg;
140547112;"Комплект белья Волшебная ночь ""Amour""";500;700;мм;0;140547112.jpg;
140547079;"Комплект белья Волшебная ночь ""Spring Melody""";500;700;мм;0;140547079.jpg;
140547083;"Комплект белья Волшебная ночь ""Meadow""";500;700;мм;0;140547083.jpg;
140547084;"Комплект белья Волшебная ночь ""Memory""";500;700;мм;0;140547084.jpg;
140547085;"Комплект белья Волшебная ночь ""Paint""";500;700;мм;0;140547085.jpg;
140547086;"Комплект белья Волшебная ночь ""Amour""";500;700;мм;0;140547086.jpg;
140547087;"Комплект белья Волшебная ночь ""Weave""";500;700;мм;0;140547087.jpg;
140547089;"Комплект белья Волшебная ночь ""Letter""";500;700;мм;0;140547089.jpg;
140547091;"Комплект белья Волшебная ночь ""Bird Garden""";500;700;мм;0;140547091.jpg;
140547094;"Комплект белья Волшебная ночь ""Shell""";500;700;мм;0;140547094.jpg;
140547095;"Комплект белья Волшебная ночь ""Frame""";500;700;мм;0;140547095.jpg;
140547063;"Комплект белья Волшебная ночь ""Letter""";500;700;мм;0;140547063.jpg;
140547065;"Комплект белья Волшебная ночь ""Bird Garden""";500;700;мм;0;140547065.jpg;
140547072;"Комплект белья Волшебная ночь ""Herbarium""";500;700;мм;0;140547072.jpg;
140547074;"Комплект белья Волшебная ночь ""Bloom""";500;700;мм;0;140547074.jpg;
140547075;"Комплект белья Волшебная ночь ""Parrot""";500;700;мм;0;140547075.jpg;
140547077;"Комплект белья Волшебная ночь ""Flamingo""";500;700;мм;0;140547077.jpg;
140547049;"Комплект белья Verossa ""Amber""";500;700;мм;0;140547049.jpg;
140547055;"Комплект белья Verossa ""Sunset""";500;700;мм;0;140547055.jpg;
140547056;"Комплект белья Verossa ""Sunset""";500;700;мм;0;140547056.jpg;
140547044;"Комплект белья Verossa ""Вlue Sky""";500;700;мм;0;140547044.jpg;
140547043;"Комплект белья Verossa ""Вlue Sky""";500;700;мм;0;140547043.jpg;
140494097;"Комплект белья Amore Mio ""Osaka""";500;700;мм;0;140494097.jpg;
140494099;"Комплект белья Amore Mio ""Prague""";500;700;мм;0;140494099.jpg;
140494100;"Комплект белья Amore Mio ""Riga""";500;700;мм;0;140494100.jpg;
140494101;"Комплект белья Amore Mio ""Sofia""";500;700;мм;0;140494101.jpg;
140494102;"Комплект белья Amore Mio ""Sydney""";500;700;мм;0;140494102.jpg;
140494103;"Комплект белья Amore Mio ""Varna""";500;700;мм;0;140494103.jpg;
140494104;"Комплект белья Amore Mio ""Vienna""";500;700;мм;0;140494104.jpg;
140494107;"Комплект белья Amore Mio ""Isabel""";500;700;мм;0;140494107.jpg;
140494108;"Комплект белья Amore Mio ""Kayla""";500;700;мм;0;140494108.jpg;
140494109;"Комплект белья Amore Mio ""Jour""";500;700;мм;0;140494109.jpg;
140494110;"Комплект белья Amore Mio ""Lilly""";500;700;мм;0;140494110.jpg;
140494111;"Комплект белья Amore Mio ""Nastya""";500;700;мм;0;140494111.jpg;
140494113;"Комплект белья Amore Mio ""Paisly""";500;700;мм;0;140494113.jpg;
140494114;"Комплект белья Amore Mio ""Rose""";500;700;мм;0;140494114.jpg;
140494084;"Комплект белья Amore Mio ""Geneva""";500;700;мм;0;140494084.jpg;
140494085;"Комплект белья Amore Mio ""Glasgow""";500;700;мм;0;140494085.jpg;
140494086;"Комплект белья Amore Mio ""Hamburg""";500;700;мм;0;140494086.jpg;
140494087;"Комплект белья Amore Mio ""Linz""";500;700;мм;0;140494087.jpg;
140494088;"Комплект белья Amore Mio ""Lisbon""";500;700;мм;0;140494088.jpg;
140494090;"Комплект белья Amore Mio ""Lviv""";500;700;мм;0;140494090.jpg;
140494091;"Комплект белья Amore Mio ""Medellin""";500;700;мм;0;140494091.jpg;
140494092;"Комплект белья Amore Mio ""Milan""";500;700;мм;0;140494092.jpg;
140494093;"Комплект белья Amore Mio ""Montreal""";500;700;мм;0;140494093.jpg;
140494094;"Комплект белья Amore Mio ""Munich""";500;700;мм;0;140494094.jpg;
140494095;"Комплект белья Amore Mio ""Nairobi""";500;700;мм;0;140494095.jpg;
140494096;"Комплект белья Amore Mio ""Narva""";500;700;мм;0;140494096.jpg;
140494070;"Комплект белья Amore Mio ""Molly""";500;700;мм;0;140494070.jpg;
140494071;"Комплект белья Amore Mio ""Victoria""";500;700;мм;0;140494071.jpg;
140494073;"Комплект белья Amore Mio ""Jessica""";500;700;мм;0;140494073.jpg;
140494074;"Комплект белья Amore Mio ""Layla""";500;700;мм;0;140494074.jpg;
140494075;"Комплект белья Amore Mio ""Amsterdam""";500;700;мм;0;140494075.jpg;
140494077;"Комплект белья Amore Mio ""Athens""";500;700;мм;0;140494077.jpg;
140494079;"Комплект белья Amore Mio ""Basel""";500;700;мм;0;140494079.jpg;
140494080;"Комплект белья Amore Mio ""Belgrade""";500;700;мм;0;140494080.jpg;
140494083;"Комплект белья Amore Mio ""Dresden""";500;700;мм;0;140494083.jpg;
140494064;"Комплект белья Amore Mio ""Gracie""";500;700;мм;0;140494064.jpg;
